"printer_id","attrib_value","modified_ticks","propagate","attrib_name"
1001,"0.0",1733645659188,Y,default-grayscale-cost
1001,SHARED,1733645663584,Y,override-no-popup-shared-account-action
1002,Y,1733645663584,Y,archiving.enabled
1002,"",1733645663579,Y,filter.allowed-groups.value
1002,"0.0",1733645663552,Y,cost.pst.a4.color.duplex
1002,N,1733645663583,Y,device-filter.color-copy-groups.active
1002,N,1733645663583,Y,device-filter.login-groups.active
1002,PRINT_NEW_NO_REPLAY,1733645663584,Y,fail.action
1002,N,1733645663584,Y,watermark.enabled
1002,"0.0",1733645663552,Y,default-grayscale-cost
1002,"0.0",1733645663552,Y,cost.pst.a4.color.simplex
1002,N,1733645663579,Y,filter.allowed-groups.active
1002,N,1733645663556,Y,filter.convert-to-grayscale.active
1002,N,1733645663584,Y,override-no-popup-charge-personal
1002,N,1733645663579,Y,filter.document-size.active
1002,N,1733645663584,Y,override-user-level-settings
1002,N,1733645663579,Y,filter.duplicate-doc.active
1002,"0.0",1733645663552,Y,cost.pst.a4.grayscale.simplex
1002,N,1733645663584,Y,redirect.target-overrides-settings
1002,N,1733645663579,Y,filter.maxcopies.active
1002,N,1733645663579,Y,filter.colormode.active
1002,Y,1733645663552,Y,cost.pst.a3.enabled
1002,N,1733645663584,Y,snmpv3.enabled
1002,"",1733645663584,Y,charge-rates
1002,"127.0.0.1",1733645663692,N,server.remote-address
1002,N,1733645663579,Y,filter.maxcost.active
1002,"0.0",1733645663552,Y,cost.pst.default.color.simplex
1002,"0.0",1733645663552,Y,cost.pst.a3.grayscale.simplex
1002,"0.0",1733645663552,Y,cost.pst.a3.color.simplex
1002,DISABLED,1733645663584,Y,release-station.mode
1002,Y,1733645663552,Y,cost.pst.default.enabled
1002,N,1733645663691,Y,script.enabled
1002,N,1733645663579,Y,filter.docnames.active
1002,N,1733645663584,Y,hw-check.enabled
1002,"",1733645663584,Y,redirect.compatible-queues
1002,"0.0",1733645663552,Y,cost.pst.a3.color.duplex
1002,"0.0",1733645663552,Y,cost.pst.a4.grayscale.duplex
1002,"0.0",1733645663552,Y,cost.pst.default.grayscale.simplex
1002,N,1733645663579,Y,filter.pages.active
1002,N,1733645663584,Y,charge-rates.user-must-select
1002,N,1733645663556,Y,filter.convert-to-duplex.active
1002,"0.0",1733645663552,Y,cost.pst.a3.grayscale.duplex
1002,"0.0",1733645663552,Y,cost.pst.default.grayscale.duplex
1002,N,1733645663579,Y,filter.papersize.active
1002,N,1733645663584,Y,override-no-popup-charge-shared
1002,Y,1733645663552,Y,cost.pst.a4.enabled
1002,N,1733645663584,Y,unauthenticated
1002,"0.0",1733645663552,Y,cost.pst.default.color.duplex
1002,N,1733645663580,Y,filter.allowed-color-groups.active
1002,"",1733645663580,Y,filter.allowed-color-groups.value
1002,Y,1733645663556,Y,filter.restricted-only
1002,N,1733645663579,Y,filter.duplexmode.active
1002,"15",1733645663713,N,server.env-version
1002,WIN,1733645663713,N,server.spooler-type
1003,Y,1733645663885,Y,archiving.enabled
1003,"",1733645663885,Y,filter.allowed-groups.value
1003,"0.0",1733645663885,Y,cost.pst.a4.color.duplex
1003,N,1733645663885,Y,device-filter.color-copy-groups.active
1003,N,1733645663885,Y,device-filter.login-groups.active
1003,PRINT_NEW_NO_REPLAY,1733645663885,Y,fail.action
1003,N,1733645663885,Y,watermark.enabled
1003,"0.0",1733645663885,Y,default-grayscale-cost
1003,"0.0",1733645663885,Y,cost.pst.a4.color.simplex
1003,N,1733645663885,Y,filter.allowed-groups.active
1003,N,1733645663885,Y,filter.convert-to-grayscale.active
1003,N,1733645663885,Y,override-no-popup-charge-personal
1003,N,1733645663885,Y,filter.document-size.active
1003,N,1733645663885,Y,override-user-level-settings
1003,N,1733645663885,Y,filter.duplicate-doc.active
1003,"0.0",1733645663885,Y,cost.pst.a4.grayscale.simplex
1003,N,1733645663885,Y,redirect.target-overrides-settings
1003,N,1733645663885,Y,filter.maxcopies.active
1003,N,1733645663885,Y,filter.colormode.active
1003,Y,1733645663885,Y,cost.pst.a3.enabled
1003,N,1733645663885,Y,snmpv3.enabled
1003,"",1733645663885,Y,charge-rates
1003,N,1733645663885,Y,filter.maxcost.active
1003,"0.0",1733645663885,Y,cost.pst.default.color.simplex
1003,"0.0",1733645663885,Y,cost.pst.a3.grayscale.simplex
1003,"0.0",1733645663885,Y,cost.pst.a3.color.simplex
1003,DISABLED,1733645663885,Y,release-station.mode
1003,Y,1733645663885,Y,cost.pst.default.enabled
1003,N,1733645663885,Y,script.enabled
1003,N,1733645663885,Y,filter.docnames.active
1003,N,1733645663885,Y,hw-check.enabled
1003,"",1733645663885,Y,redirect.compatible-queues
1003,"0.0",1733645663885,Y,cost.pst.a3.color.duplex
1003,"0.0",1733645663885,Y,cost.pst.a4.grayscale.duplex
1003,"0.0",1733645663885,Y,cost.pst.default.grayscale.simplex
1003,N,1733645663885,Y,filter.pages.active
1003,N,1733645663885,Y,charge-rates.user-must-select
1003,N,1733645663885,Y,filter.convert-to-duplex.active
1003,"0.0",1733645663885,Y,cost.pst.a3.grayscale.duplex
1003,"0.0",1733645663885,Y,cost.pst.default.grayscale.duplex
1003,N,1733645663885,Y,filter.papersize.active
1003,N,1733645663885,Y,override-no-popup-charge-shared
1003,Y,1733645663885,Y,cost.pst.a4.enabled
1003,N,1733645663885,Y,unauthenticated
1003,"0.0",1733645663885,Y,cost.pst.default.color.duplex
1003,N,1733645663885,Y,filter.allowed-color-groups.active
1003,"",1733645663885,Y,filter.allowed-color-groups.value
1003,Y,1733645663885,Y,filter.restricted-only
1003,N,1733645663885,Y,filter.duplexmode.active
1003,"15",1733645663893,N,server.env-version
1003,WIN,1733645663893,N,server.spooler-type
1004,Y,1733645664069,Y,archiving.enabled
1004,"",1733645664069,Y,filter.allowed-groups.value
1004,"0.0",1733645664069,Y,cost.pst.a4.color.duplex
1004,N,1733645664069,Y,device-filter.color-copy-groups.active
1004,N,1733645664069,Y,device-filter.login-groups.active
1004,PRINT_NEW_NO_REPLAY,1733645664069,Y,fail.action
1004,N,1733645664069,Y,watermark.enabled
1004,"0.0",1733645664069,Y,default-grayscale-cost
1004,"0.0",1733645664069,Y,cost.pst.a4.color.simplex
1004,N,1733645664069,Y,filter.allowed-groups.active
1004,N,1733645664069,Y,filter.convert-to-grayscale.active
1004,N,1733645664069,Y,override-no-popup-charge-personal
1004,N,1733645664069,Y,filter.document-size.active
1004,N,1733645664069,Y,override-user-level-settings
1004,N,1733645664069,Y,filter.duplicate-doc.active
1004,"0.0",1733645664069,Y,cost.pst.a4.grayscale.simplex
1004,N,1733645664069,Y,redirect.target-overrides-settings
1004,N,1733645664069,Y,filter.maxcopies.active
1004,N,1733645664069,Y,filter.colormode.active
1004,Y,1733645664069,Y,cost.pst.a3.enabled
1004,N,1733645664069,Y,snmpv3.enabled
1004,"",1733645664069,Y,charge-rates
1004,"127.0.0.1",1733647504254,N,server.remote-address
1004,N,1733645664069,Y,filter.maxcost.active
1004,"0.0",1733645664069,Y,cost.pst.default.color.simplex
1004,"0.0",1733645664069,Y,cost.pst.a3.grayscale.simplex
1004,"0.0",1733645664069,Y,cost.pst.a3.color.simplex
1004,DISABLED,1733645664069,Y,release-station.mode
1004,Y,1733645664069,Y,cost.pst.default.enabled
1004,N,1733645664070,Y,script.enabled
1004,N,1733645664069,Y,filter.docnames.active
1004,N,1733645664069,Y,hw-check.enabled
1004,"",1733645664069,Y,redirect.compatible-queues
1004,"0.0",1733645664069,Y,cost.pst.a3.color.duplex
1004,"0.0",1733645664069,Y,cost.pst.a4.grayscale.duplex
1004,"0.0",1733645664069,Y,cost.pst.default.grayscale.simplex
1004,N,1733645664069,Y,filter.pages.active
1004,N,1733645664069,Y,charge-rates.user-must-select
1004,N,1733645664069,Y,filter.convert-to-duplex.active
1004,"0.0",1733645664069,Y,cost.pst.a3.grayscale.duplex
1004,"0.0",1733645664069,Y,cost.pst.default.grayscale.duplex
1004,N,1733645664069,Y,filter.papersize.active
1004,N,1733645664069,Y,override-no-popup-charge-shared
1004,Y,1733645664069,Y,cost.pst.a4.enabled
1004,N,1733645664069,Y,unauthenticated
1004,"0.0",1733645664069,Y,cost.pst.default.color.duplex
1004,N,1733645664069,Y,filter.allowed-color-groups.active
1004,"",1733645664069,Y,filter.allowed-color-groups.value
1004,Y,1733645664069,Y,filter.restricted-only
1004,N,1733645664069,Y,filter.duplexmode.active
1004,"15",1733645664082,N,server.env-version
1004,WIN,1733645664082,N,server.spooler-type
1004,"0.07",1733645666774,Y,toner.magenta
1004,"0.22",1733645666774,Y,toner.black
1004,"0.57",1733645666774,Y,toner.cyan
1004,"0.17",1733645666774,Y,toner.yellow
1004,"1733645664629",1733645666774,Y,toner.last-updated
1001,"1",1733645677406,Y,system.protocol-version
1005,Y,1733647047692,Y,ext-device.allow-release-all
1005,"60",1733646962545,Y,ext-device.inactivity-timeout-secs
1005,"",1733646962544,Y,filter.allowed-groups.value
1005,"0.0",1733646962544,Y,cost.pst.a4.color.duplex
1005,N,1733646962544,Y,device-filter.color-copy-groups.active
1005,GLOBAL,1733646962545,Y,ext-device.card-no-regex
1005,N,1733646962545,Y,ext-device.print-as-grayscale-by-default
1005,N,1733646962544,Y,device-filter.login-groups.active
1005,"0.0",1733646962544,Y,default-grayscale-cost
1005,Y,1733646970031,Y,site-offline-start-allowed
1005,N,1733647047701,Y,ext-device.self-association-with-card-enabled
1005,"0.0",1733646962544,Y,cost.pst.a4.color.simplex
1005,N,1733646962544,Y,filter.allowed-groups.active
1005,N,1733646962544,Y,filter.convert-to-grayscale.active
1005,N,1733646962544,Y,override-no-popup-charge-personal
1005,GLOBAL,1733646962545,Y,ext-device.card-no-converter
1005,N,1733646962544,Y,filter.document-size.active
1005,N,1733646962544,Y,override-user-level-settings
1005,N,1733646962544,Y,filter.duplicate-doc.active
1005,"0.0",1733646962544,Y,cost.pst.a4.grayscale.simplex
1005,N,1733646962544,Y,redirect.target-overrides-settings
1005,N,1733646962544,Y,filter.maxcopies.active
1005,N,1733646962544,Y,filter.colormode.active
1005,Y,1733646962544,Y,cost.pst.a3.enabled
1005,N,1733647047702,Y,snmpv3.enabled
1005,,1733646962545,N,server.remote-address
1005,N,1733646962544,Y,filter.maxcost.active
1005,"0.0",1733646962544,Y,cost.pst.default.color.simplex
1005,"0.0",1733646962544,Y,cost.pst.a3.grayscale.simplex
1005,"0.0",1733646962544,Y,cost.pst.a3.color.simplex
1005,Y,1733646962544,Y,cost.pst.default.enabled
1005,N,1733646962544,Y,filter.docnames.active
1005,"",1733646962544,Y,redirect.compatible-queues
1005,N,1733646962545,Y,ext-device.print-as-duplex-by-default
1005,"0.0",1733646962544,Y,cost.pst.a3.color.duplex
1005,"0.0",1733646962544,Y,cost.pst.a4.grayscale.duplex
1005,"0.0",1733646962544,Y,cost.pst.default.grayscale.simplex
1005,GLOBAL,1733646962545,Y,ext-device.card-self-association.use-secondary-card-number
1005,N,1733646962544,Y,filter.pages.active
1005,N,1733646962544,Y,filter.convert-to-duplex.active
1005,"0.0",1733646962544,Y,cost.pst.a3.grayscale.duplex
1005,"0.0",1733646962544,Y,cost.pst.default.grayscale.duplex
1005,N,1733646962544,Y,filter.papersize.active
1005,N,1733646962544,Y,override-no-popup-charge-shared
1005,Y,1733646962544,Y,cost.pst.a4.enabled
1005,.*,1733646962545,Y,ext-device.self-association-allowed-card-regex
1005,"0.0",1733646962544,Y,cost.pst.default.color.duplex
1005,N,1733646962544,Y,filter.allowed-color-groups.active
1005,"",1733646962544,Y,filter.allowed-color-groups.value
1005,Y,1733646962544,Y,filter.restricted-only
1005,N,1733646962544,Y,filter.duplexmode.active
1005,"192.168.2.251",1733647047688,Y,ext-device.hostname
1005,N,1733646962591,Y,ext-device.staged-device.staged
1005,"0.07",1733646964851,Y,toner.magenta
1005,"0.22",1733646964851,Y,toner.black
1005,"0.57",1733646964851,Y,toner.cyan
1005,"0.17",1733646964851,Y,toner.yellow
1005,"1733646962722",1733646964851,Y,toner.last-updated
1005,admin,1733647047688,Y,ext-device.admin.username
1005,"1234567812345678",1733646962597,Y,ext-device.admin.password
1005,Y,1733646972112,Y,ext-device.sindoh.email.personalized-sender
1005,DEFAULT,1733646972114,Y,ext-device.sindoh.timeout.session.mins
1005,logo.png,1733646972174,Y,ext-device.sindoh.browser.custom-logo-filename
1005,Y,1733646972169,Y,ext-device.sindoh.scan.additional-pages.checkbox.checked
1005,DEFAULT,1733646972174,Y,ext-device.sindoh.delete-job-on-insufficient-credit
1005,DEFAULT,1733646972159,Y,ext-device.sindoh.delete-session.batch-size
1005,DEFAULT,1733646972117,Y,ext-device.sindoh.password-button.label
1005,DEFAULT,1733646972160,Y,ext-device.sindoh.allow-third-party-pullprint-apps
1005,"30",1733646972121,Y,ext-device.sindoh.timeout.scan-prompt-send.secs
1005,DEFAULT,1733646972115,Y,ext-device.sindoh.app-button.title
1005,DEFAULT,1733646972161,Y,ext-device.sindoh.allow-third-party-scan-apps
1005,DEFAULT,1733646972158,Y,ext-device.sindoh.device-type-a4
1005,DEFAULT,1733646972166,Y,ext-device.sindoh.browser.header-color
1005,DEFAULT,1733646972121,Y,ext-device.sindoh.limit-device-function.zero-balance
1005,Y,1733646972102,Y,ext-device.integration.enabled
1005,DEFAULT,1733646972112,Y,ext-device.sindoh.login.prioritise-card
1005,"50003",1733646972105,Y,ext-device.sindoh.openapi.sslport
1005,DEFAULT,1733646972156,Y,ext-device.sindoh.elastic-balance
1005,Y,1733646972110,Y,ext-device.sindoh.login.show-account-code
1005,DEFAULT,1733646972116,Y,ext-device.sindoh.app-release.title
1005,Y,1733646972167,Y,ext-device.sindoh.browser.show-logout-button
1005,"60",1733646972108,Y,ext-device.sindoh.period.error
1005,"",1733647049745,Y,ext-device.sindoh.openapi.password
1005,DEFAULT,1733646972163,Y,ext-device.sindoh.accounts.initial-tab
1005,DEFAULT,1733646972117,Y,ext-device.sindoh.login-confirmation-message
1005,N,1733646972167,Y,ext-device.sindoh.browser.show-hostname
1005,Y,1733646972167,Y,ext-device.sindoh.browser.show-back-button
1005,DEFAULT,1733646972159,Y,ext-device.sindoh.auth.public-setting
1005,Y,1733646972110,Y,ext-device.sindoh.login.allow-account-list
1005,DEFAULT,1733646972170,Y,ext-device.sindoh.browser.chromium.popup-keyboard
1005,"300",1733646972107,Y,ext-device.sindoh.period.ping
1005,DEFAULT,1733646972162,Y,ext-device.sindoh.internal-error-handling.enabled
1005,Y,1733646972163,Y,ext-device.sindoh.login.show-release
1005,N,1733646972111,Y,ext-device.sindoh.login.host-based-authentication.enabled
1005,Y,1733646972169,Y,ext-device.sindoh.login.enable-auto-submit
1005,DEFAULT,1733646972158,Y,ext-device.sindoh.card-decode-scheme
1005,"2",1733646972109,Y,ext-device.sindoh.period.url-change-retry
1005,"",1733647049744,Y,ext-device.sindoh.openapi.username
1005,DEFAULT,1733646972164,Y,ext-device.sindoh.release.list-format
1005,DEFAULT,1733646972173,Y,ext-device.sindoh.browser.show-sha1-message
1005,DEFAULT,1733646972104,Y,ext-device.sindoh.message.welcome.line1
1005,"300",1733646972109,Y,ext-device.sindoh.period.fatal
1005,DEFAULT,1733646972104,Y,ext-device.sindoh.message.welcome.line2
1005,N,1733646972114,Y,ext-device.sindoh.skip-setup
1005,DEFAULT,1733646972166,Y,ext-device.sindoh.browser.header-text-color
1005,DEFAULT,1733646972173,Y,ext-device.sindoh.browser.device-function-button.title
1005,N,1733646972112,Y,ext-device.sindoh.restricted.allow-multiple-login
1005,"60",1733646972119,Y,ext-device.sindoh.login.max-session-age-days
1005,DEFAULT,1733646972171,Y,ext-device.sindoh.browser.scanning-merge-pdf
1005,"0",1733646972165,Y,ext-device.sindoh.browser.screen-height
1005,DEFAULT,1733646972102,Y,ext-device.sindoh.force-app-registration
1005,DEFAULT,1733646972107,Y,ext-device.sindoh.appno.auto-registering
1005,DEFAULT,1733646972116,Y,ext-device.sindoh.username-button.label
1005,DEFAULT,1733646972160,Y,ext-device.sindoh.enable.screen-logout-button
1005,DEFAULT,1733646972172,Y,ext-device.sindoh.browser.scanning-merge-tiff
1005,"60",1733646972165,Y,ext-device.sindoh.browser.connection-timeout.secs
1005,DEFAULT,1733646972120,Y,ext-device.sindoh.logs.track-partial-jobs
1005,[a-zA-Z0-9]+,1733646972113,Y,ext-device.sindoh.keyboard-card-decoder-regx
1005,N,1733646972111,Y,ext-device.sindoh.login.show-account-search
1005,N,1733646972103,Y,ext-device.sindoh.logout-before-app-registration
1005,DEFAULT,1733646972172,Y,ext-device.sindoh.browser.suppress-home-screen
1005,DEFAULT,1733646972117,Y,ext-device.sindoh.id-number-button.label
1005,DEFAULT,1733646972114,Y,ext-device.sindoh.display-balance
1005,"29000",1733646972119,Y,ext-device.sindoh.login.max-stored-sessions
1005,"0",1733646972164,Y,ext-device.sindoh.browser.screen-width
1005,N,1733646974692,Y,ext-device.sindoh.avoid-additional-media-info
1005,N,1733647047691,Y,ext-device.show-account-confirmation
1005,N,1733646972115,Y,ext-device.sindoh.compatibility-mode
1005,Y,1733646972168,Y,ext-device.sindoh.scan.prompt.checkbox.checked
1005,N,1733646972111,Y,ext-device.sindoh.login.host-based.enabled
1005,DEFAULT,1733646972114,Y,ext-device.sindoh.timeout.escrow.mins
1005,DEFAULT,1733646972105,Y,ext-device.sindoh.auth.screen.title
1005,N,1733646972109,Y,ext-device.sindoh.login.show-user-list
1005,DEFAULT,1733646972168,Y,ext-device.sindoh.browser.enable-fast-login-flow
1005,DEFAULT,1733646972171,Y,ext-device.sindoh.browser.scanning-compact-pdf
1005,"50001",1733646972105,Y,ext-device.sindoh.openapi.non-sslport
1005,DEFAULT,1733646972112,Y,ext-device.sindoh.locale
1005,Y,1733647029624,Y,ext-device.sindoh.use-high-security-port
1005,DEFAULT,1733646972118,Y,ext-device.sindoh.keep-device-settings
1005,Y,1733646972164,Y,ext-device.sindoh.release.show-cost
1005,DEFAULT,1733646972121,Y,ext-device.sindoh.custom-my-panel
1005,DEFAULT,1733646972119,Y,ext-device.sindoh.login.delete-sessions-on-register
1005,DEFAULT,1733646972168,Y,ext-device.sindoh.guest-access.label
1005,DEFAULT,1733646972166,Y,ext-device.sindoh.browser.header-image-color
1005,DEFAULT,1733646972113,Y,ext-device.sindoh.card-decoder-force-mode
1005,"0",1733646972113,Y,ext-device.sindoh.card-decoder-hid
1005,DEFAULT,1733646972118,Y,ext-device.sindoh.keyboard-adaptive
1005,DEFAULT,1733646972104,Y,ext-device.sindoh.logout-on-network-reader-swipe
1005,DEFAULT,1733646972116,Y,ext-device.sindoh.app-scan.title
1005,DEFAULT,1733646972120,Y,ext-device.sindoh.logs.accept-after-logout.mins
1005,Y,1733646972106,Y,ext-device.sindoh.openapi.ssl.enabled
1005,DEFAULT,1733646972160,Y,ext-device.sindoh.user-auth.auto-override
1005,DEFAULT,1733646972162,Y,ext-device.sindoh.internal-error-handling.message
1005,Y,1733646972172,Y,ext-device.sindoh.browser.enabled
1005,DEFAULT,1733646972120,Y,ext-device.sindoh.appno.auto-overwrite
1005,N,1733646972165,Y,ext-device.sindoh.browser.show-status-bar
1005,e88cd3cc555edff83b86ba28edf9a2295c5e43bcfcc90baa4f04e264d2cc56a2,1733647071351,N,ext-device.sindoh.device-config-state
1005,"",1733647047701,Y,ext-device.assoc-printers
1005,,1733647047688,Y,snmpv3.privacy-password
1005,N,1733647047701,Y,ext-device.auth-mode.identity-no
1005,DISABLED,1733647047698,Y,release-station.mode
1005,"0",1733647047701,Y,cost.fax.volume-limit
1005,"0.0",1733647047701,Y,cost.fax.cost-per-page
1005,N,1733647047693,Y,ext-device.integrated-scanning.enabled
1005,N,1733647047699,Y,ext-device.release-all-on-login
1005,"0.0",1733647047701,Y,cost.scan.volume-cost-per-page
1005,ALLOW,1733647047699,Y,ext-device.allow-release-on-error
1005,"0.0",1733647047701,Y,cost.scan.cost-per-page
1005,SECURE,1733647047693,Y,ext-device.release-mode
1005,,1733647047688,Y,snmpv3.auth-password
1005,"",1733647047698,Y,charge-rates
1005,"0.0",1733647047701,Y,cost.fax.volume-cost-per-page
1005,"",1733647047701,Y,ext-device.releases-on
1005,,1733647047688,Y,snmpv3.context-name
1005,test2,1733647047701,Y,ext-device.auth.auto-login-username
1005,,1733647047688,Y,snmpv3.username
1005,Y,1733647047701,Y,ext-device.auth-mode.username-password
1005,N,1733647047701,Y,ext-device.auth-mode.card
1005,DEVICE_DEFAULT_LANGUAGE,1733647047702,Y,ext-device.language-selection.option
1005,"0",1733647047701,Y,cost.scan.volume-limit
1005,N,1733647047701,Y,ext-device.auth.mask-id-number
1004,PCL6,1733647504254,N,lang.last-seen
1004,"1733583600000,2",1733647504254,N,stats.rolling-day.pages
1006,Y,1733648747490,Y,archiving.enabled
1006,"",1733648747489,Y,filter.allowed-groups.value
1006,"0.0",1733648747489,Y,cost.pst.a4.color.duplex
1006,N,1733648747489,Y,device-filter.color-copy-groups.active
1006,N,1733648747489,Y,device-filter.login-groups.active
1006,PRINT_NEW_NO_REPLAY,1733648747490,Y,fail.action
1006,N,1733648747490,Y,watermark.enabled
1006,"0.0",1733648747489,Y,default-grayscale-cost
1006,"0.0",1733648747489,Y,cost.pst.a4.color.simplex
1006,N,1733648747489,Y,filter.allowed-groups.active
1006,N,1733648747489,Y,filter.convert-to-grayscale.active
1006,N,1733648747490,Y,override-no-popup-charge-personal
1006,N,1733648747489,Y,filter.document-size.active
1006,N,1733648747490,Y,override-user-level-settings
1006,N,1733648747489,Y,filter.duplicate-doc.active
1006,"0.0",1733648747489,Y,cost.pst.a4.grayscale.simplex
1006,N,1733648747490,Y,redirect.target-overrides-settings
1006,N,1733648747489,Y,filter.maxcopies.active
1006,N,1733648747489,Y,filter.colormode.active
1006,Y,1733648747489,Y,cost.pst.a3.enabled
1006,N,1733648747490,Y,snmpv3.enabled
1006,"",1733648747490,Y,charge-rates
1006,"127.0.0.1",1733649104506,N,server.remote-address
1006,N,1733648747489,Y,filter.maxcost.active
1006,"0.0",1733648747489,Y,cost.pst.default.color.simplex
1006,"0.0",1733648747489,Y,cost.pst.a3.grayscale.simplex
1006,"0.0",1733648747489,Y,cost.pst.a3.color.simplex
1006,DISABLED,1733648747490,Y,release-station.mode
1006,Y,1733648747489,Y,cost.pst.default.enabled
1006,N,1733648747492,Y,script.enabled
1006,N,1733648747489,Y,filter.docnames.active
1006,N,1733648747490,Y,hw-check.enabled
1006,"",1733648747490,Y,redirect.compatible-queues
1006,"0.0",1733648747489,Y,cost.pst.a3.color.duplex
1006,"0.0",1733648747489,Y,cost.pst.a4.grayscale.duplex
1006,"0.0",1733648747489,Y,cost.pst.default.grayscale.simplex
1006,N,1733648747489,Y,filter.pages.active
1006,N,1733648747490,Y,charge-rates.user-must-select
1006,N,1733648747489,Y,filter.convert-to-duplex.active
1006,"0.0",1733648747489,Y,cost.pst.a3.grayscale.duplex
1006,"0.0",1733648747489,Y,cost.pst.default.grayscale.duplex
1006,N,1733648747489,Y,filter.papersize.active
1006,N,1733648747490,Y,override-no-popup-charge-shared
1006,Y,1733648747489,Y,cost.pst.a4.enabled
1006,N,1733648747490,Y,unauthenticated
1006,"0.0",1733648747489,Y,cost.pst.default.color.duplex
1006,N,1733648747489,Y,filter.allowed-color-groups.active
1006,"",1733648747489,Y,filter.allowed-color-groups.value
1006,Y,1733648747489,Y,filter.restricted-only
1006,N,1733648747489,Y,filter.duplexmode.active
1006,"15",1733648747515,N,server.env-version
1006,WIN,1733648747515,N,server.spooler-type
1006,PCL6,1733649104506,N,lang.last-seen
1006,"1733583600000,2",1733649104506,N,stats.rolling-day.pages
1007,Y,1733649711359,Y,archiving.enabled
1007,"",1733649711359,Y,filter.allowed-groups.value
1007,"0.0",1733649711359,Y,cost.pst.a4.color.duplex
1007,N,1733649711359,Y,device-filter.color-copy-groups.active
1007,N,1733649711359,Y,device-filter.login-groups.active
1007,PRINT_NEW_NO_REPLAY,1733649711359,Y,fail.action
1007,N,1733649711359,Y,watermark.enabled
1007,"0.0",1733649711359,Y,default-grayscale-cost
1007,"0.0",1733649711359,Y,cost.pst.a4.color.simplex
1007,N,1733649711359,Y,filter.allowed-groups.active
1007,N,1733649711359,Y,filter.convert-to-grayscale.active
1007,N,1733649711359,Y,override-no-popup-charge-personal
1007,N,1733649711359,Y,filter.document-size.active
1007,N,1733649711359,Y,override-user-level-settings
1007,N,1733649711359,Y,filter.duplicate-doc.active
1007,"0.0",1733649711359,Y,cost.pst.a4.grayscale.simplex
1007,N,1733649711359,Y,redirect.target-overrides-settings
1007,N,1733649711359,Y,filter.maxcopies.active
1007,N,1733649711359,Y,filter.colormode.active
1007,Y,1733649711359,Y,cost.pst.a3.enabled
1007,N,1733649711359,Y,snmpv3.enabled
1007,"",1733649711359,Y,charge-rates
3003,Y,1735815139550,Y,ext-device.allow-release-all
1007,N,1733649711359,Y,filter.maxcost.active
1007,"0.0",1733649711359,Y,cost.pst.default.color.simplex
1007,"0.0",1733649711359,Y,cost.pst.a3.grayscale.simplex
1007,"0.0",1733649711359,Y,cost.pst.a3.color.simplex
1007,DISABLED,1733649711359,Y,release-station.mode
1007,Y,1733649711359,Y,cost.pst.default.enabled
1007,N,1733649711359,Y,script.enabled
1007,N,1733649711359,Y,filter.docnames.active
1007,N,1733649711359,Y,hw-check.enabled
1007,"",1733649711359,Y,redirect.compatible-queues
1007,"0.0",1733649711359,Y,cost.pst.a3.color.duplex
1007,"0.0",1733649711359,Y,cost.pst.a4.grayscale.duplex
1007,"0.0",1733649711359,Y,cost.pst.default.grayscale.simplex
1007,N,1733649711359,Y,filter.pages.active
1007,N,1733649711359,Y,charge-rates.user-must-select
1007,N,1733649711359,Y,filter.convert-to-duplex.active
1007,"0.0",1733649711359,Y,cost.pst.a3.grayscale.duplex
1007,"0.0",1733649711359,Y,cost.pst.default.grayscale.duplex
1007,N,1733649711359,Y,filter.papersize.active
1007,N,1733649711359,Y,override-no-popup-charge-shared
1007,Y,1733649711359,Y,cost.pst.a4.enabled
1007,N,1733649711359,Y,unauthenticated
1007,"0.0",1733649711359,Y,cost.pst.default.color.duplex
1007,N,1733649711359,Y,filter.allowed-color-groups.active
1007,"",1733649711359,Y,filter.allowed-color-groups.value
1007,Y,1733649711359,Y,filter.restricted-only
1007,N,1733649711359,Y,filter.duplexmode.active
1007,"15",1733649711363,N,server.env-version
1007,WIN,1733649711363,N,server.spooler-type
3003,"60",1735815139549,Y,ext-device.inactivity-timeout-secs
1005,"1733583600000,4",1733657005573,N,stats.rolling-day.pages
1003,"1733653292238",1733652982242,Y,status.error-valid-until
1003,"1733652982238",1733652982242,Y,status.last-changed
1003,OK,1733652982242,Y,status
1003,N,1733652982242,Y,status.notif-sent
1003,PCL6,1736320771778,N,lang.last-seen
1007,"127.0.0.1",1735016878164,N,server.remote-address
1007,PCL6,1735016878164,N,lang.last-seen
1007,"1734966000000,2,0,0,0,0,0,0,0,0,0,0,0,0,0,0,1,5",1735016878164,N,stats.rolling-day.pages
2002,Y,1733742936489,Y,ext-device.allow-release-all
2002,"60",1733742848162,Y,ext-device.inactivity-timeout-secs
2002,"",1733742848127,Y,filter.allowed-groups.value
2002,"0.0",1733742848109,Y,cost.pst.a4.color.duplex
2002,N,1733742848128,Y,device-filter.color-copy-groups.active
2002,GLOBAL,1733742848162,Y,ext-device.card-no-regex
2002,N,1733742848162,Y,ext-device.print-as-grayscale-by-default
2002,N,1733742848128,Y,device-filter.login-groups.active
2002,"0.0",1733742848109,Y,default-grayscale-cost
2002,N,1733742936499,Y,ext-device.self-association-with-card-enabled
2002,"0.0",1733742848109,Y,cost.pst.a4.color.simplex
2002,N,1733742848127,Y,filter.allowed-groups.active
2002,N,1733742848112,Y,filter.convert-to-grayscale.active
2002,N,1733742848128,Y,override-no-popup-charge-personal
2002,GLOBAL,1733742848162,Y,ext-device.card-no-converter
2002,N,1733742848127,Y,filter.document-size.active
2002,N,1733742848128,Y,override-user-level-settings
2002,N,1733742848127,Y,filter.duplicate-doc.active
2002,"0.0",1733742848109,Y,cost.pst.a4.grayscale.simplex
2002,N,1733742848128,Y,redirect.target-overrides-settings
2002,N,1733742848127,Y,filter.maxcopies.active
2002,N,1733742848127,Y,filter.colormode.active
2002,Y,1733742848109,Y,cost.pst.a3.enabled
2002,N,1733742936500,Y,snmpv3.enabled
2002,,1733742848160,N,server.remote-address
2002,N,1733742848127,Y,filter.maxcost.active
2002,"0.0",1733742848109,Y,cost.pst.default.color.simplex
2002,"0.0",1733742848109,Y,cost.pst.a3.grayscale.simplex
2002,"0.0",1733742848109,Y,cost.pst.a3.color.simplex
2002,Y,1733742848109,Y,cost.pst.default.enabled
2002,N,1733742848127,Y,filter.docnames.active
2002,"",1733742848128,Y,redirect.compatible-queues
2002,N,1733742848162,Y,ext-device.print-as-duplex-by-default
2002,"0.0",1733742848109,Y,cost.pst.a3.color.duplex
2002,"0.0",1733742848109,Y,cost.pst.a4.grayscale.duplex
2002,"0.0",1733742848109,Y,cost.pst.default.grayscale.simplex
2002,GLOBAL,1733742848162,Y,ext-device.card-self-association.use-secondary-card-number
2002,N,1733742848127,Y,filter.pages.active
2002,N,1733742848112,Y,filter.convert-to-duplex.active
2002,"0.0",1733742848109,Y,cost.pst.a3.grayscale.duplex
2002,"0.0",1733742848109,Y,cost.pst.default.grayscale.duplex
2002,N,1733742848127,Y,filter.papersize.active
2002,N,1733742848128,Y,override-no-popup-charge-shared
2002,Y,1733742848109,Y,cost.pst.a4.enabled
2002,.*,1733742848162,Y,ext-device.self-association-allowed-card-regex
2002,"0.0",1733742848109,Y,cost.pst.default.color.duplex
2002,N,1733742848127,Y,filter.allowed-color-groups.active
2002,"",1733742848127,Y,filter.allowed-color-groups.value
2002,Y,1733742848112,Y,filter.restricted-only
2002,N,1733742848127,Y,filter.duplexmode.active
2002,"192.168.2.251",1733742936484,Y,ext-device.hostname
2002,N,1733742848217,Y,ext-device.staged-device.staged
2002,"0.07",1734058823442,Y,toner.magenta
2002,"0.22",1734058823442,Y,toner.black
2002,"0.57",1734058823442,Y,toner.cyan
2002,"0.17",1734058823442,Y,toner.yellow
2002,"1734058816912",1734058823442,Y,toner.last-updated
2002,admin,1733742936484,Y,ext-device.admin.username
2002,"1234567812345678",1733742848223,Y,ext-device.admin.password
2002,Y,1733742859028,Y,ext-device.sindoh.email.personalized-sender
2002,DEFAULT,1733742859031,Y,ext-device.sindoh.timeout.session.mins
2002,logo.png,1733742859057,Y,ext-device.sindoh.browser.custom-logo-filename
2002,Y,1733742859053,Y,ext-device.sindoh.scan.additional-pages.checkbox.checked
2002,DEFAULT,1733742859056,Y,ext-device.sindoh.delete-job-on-insufficient-credit
2002,DEFAULT,1733742859041,Y,ext-device.sindoh.delete-session.batch-size
2002,DEFAULT,1733742859033,Y,ext-device.sindoh.password-button.label
2002,DEFAULT,1733742859043,Y,ext-device.sindoh.allow-third-party-pullprint-apps
2002,"30",1733742859037,Y,ext-device.sindoh.timeout.scan-prompt-send.secs
2002,DEFAULT,1733742859031,Y,ext-device.sindoh.app-button.title
2002,DEFAULT,1733742859043,Y,ext-device.sindoh.allow-third-party-scan-apps
2002,DEFAULT,1733742859041,Y,ext-device.sindoh.device-type-a4
2002,DEFAULT,1733742859048,Y,ext-device.sindoh.browser.header-color
2002,DEFAULT,1733742859038,Y,ext-device.sindoh.limit-device-function.zero-balance
2002,Y,1733742859016,Y,ext-device.integration.enabled
2002,DEFAULT,1733742859027,Y,ext-device.sindoh.login.prioritise-card
2002,"50003",1733742859021,Y,ext-device.sindoh.openapi.sslport
2002,DEFAULT,1733742859038,Y,ext-device.sindoh.elastic-balance
2002,Y,1733742859025,Y,ext-device.sindoh.login.show-account-code
2002,DEFAULT,1733742859032,Y,ext-device.sindoh.app-release.title
2002,Y,1733742859050,Y,ext-device.sindoh.browser.show-logout-button
2002,"60",1733742859023,Y,ext-device.sindoh.period.error
3003,"",1735815139535,Y,filter.allowed-groups.value
2002,DEFAULT,1733742859045,Y,ext-device.sindoh.accounts.initial-tab
2002,DEFAULT,1733742859033,Y,ext-device.sindoh.login-confirmation-message
2002,N,1733742859050,Y,ext-device.sindoh.browser.show-hostname
2002,"",1734231012793,Y,ext-device.sindoh.openapi.password
3003,"0.0",1735815139452,Y,cost.pst.a4.color.duplex
2002,Y,1733742859050,Y,ext-device.sindoh.browser.show-back-button
2002,DEFAULT,1733742859042,Y,ext-device.sindoh.auth.public-setting
2002,Y,1733742859025,Y,ext-device.sindoh.login.allow-account-list
2002,DEFAULT,1733742859053,Y,ext-device.sindoh.browser.chromium.popup-keyboard
2002,"300",1733742859023,Y,ext-device.sindoh.period.ping
2002,DEFAULT,1733742859044,Y,ext-device.sindoh.internal-error-handling.enabled
2002,Y,1733742859046,Y,ext-device.sindoh.login.show-release
2002,N,1733742859026,Y,ext-device.sindoh.login.host-based-authentication.enabled
2002,Y,1733742859053,Y,ext-device.sindoh.login.enable-auto-submit
2002,DEFAULT,1733742859040,Y,ext-device.sindoh.card-decode-scheme
2002,"2",1733742859024,Y,ext-device.sindoh.period.url-change-retry
3003,N,1735815139536,Y,device-filter.color-copy-groups.active
2002,DEFAULT,1733742859046,Y,ext-device.sindoh.release.list-format
2002,DEFAULT,1733742859056,Y,ext-device.sindoh.browser.show-sha1-message
2002,DEFAULT,1733742859018,Y,ext-device.sindoh.message.welcome.line1
2002,"300",1733742859024,Y,ext-device.sindoh.period.fatal
2002,DEFAULT,1733742859019,Y,ext-device.sindoh.message.welcome.line2
2002,N,1733742859030,Y,ext-device.sindoh.skip-setup
2002,DEFAULT,1733742859049,Y,ext-device.sindoh.browser.header-text-color
2002,DEFAULT,1733742859056,Y,ext-device.sindoh.browser.device-function-button.title
2002,N,1733742859027,Y,ext-device.sindoh.restricted.allow-multiple-login
2002,"60",1733742859035,Y,ext-device.sindoh.login.max-session-age-days
2002,DEFAULT,1733742859054,Y,ext-device.sindoh.browser.scanning-merge-pdf
2002,"0",1733742859047,Y,ext-device.sindoh.browser.screen-height
2002,DEFAULT,1733742859017,Y,ext-device.sindoh.force-app-registration
2002,DEFAULT,1733742859022,Y,ext-device.sindoh.appno.auto-registering
2002,DEFAULT,1733742859032,Y,ext-device.sindoh.username-button.label
2002,DEFAULT,1733742859042,Y,ext-device.sindoh.enable.screen-logout-button
2002,DEFAULT,1733742859054,Y,ext-device.sindoh.browser.scanning-merge-tiff
2002,"60",1733742859048,Y,ext-device.sindoh.browser.connection-timeout.secs
2002,DEFAULT,1733742859036,Y,ext-device.sindoh.logs.track-partial-jobs
2002,[a-zA-Z0-9]+,1733742859029,Y,ext-device.sindoh.keyboard-card-decoder-regx
2002,N,1733742859026,Y,ext-device.sindoh.login.show-account-search
2002,N,1733742859017,Y,ext-device.sindoh.logout-before-app-registration
2002,DEFAULT,1733742859055,Y,ext-device.sindoh.browser.suppress-home-screen
2002,DEFAULT,1733742859033,Y,ext-device.sindoh.id-number-button.label
2002,DEFAULT,1733742859029,Y,ext-device.sindoh.display-balance
2002,"29000",1733742859035,Y,ext-device.sindoh.login.max-stored-sessions
2002,"0",1733742859047,Y,ext-device.sindoh.browser.screen-width
2002,N,1733742861732,Y,ext-device.sindoh.avoid-additional-media-info
2002,N,1733742936489,Y,ext-device.show-account-confirmation
2002,N,1733742859031,Y,ext-device.sindoh.compatibility-mode
2002,Y,1733742859052,Y,ext-device.sindoh.scan.prompt.checkbox.checked
2002,N,1733742859027,Y,ext-device.sindoh.login.host-based.enabled
2002,DEFAULT,1733742859030,Y,ext-device.sindoh.timeout.escrow.mins
2002,DEFAULT,1733742859019,Y,ext-device.sindoh.auth.screen.title
2002,N,1733742859025,Y,ext-device.sindoh.login.show-user-list
2002,DEFAULT,1733742859052,Y,ext-device.sindoh.browser.enable-fast-login-flow
2002,DEFAULT,1733742859054,Y,ext-device.sindoh.browser.scanning-compact-pdf
2002,"50001",1733742859021,Y,ext-device.sindoh.openapi.non-sslport
2002,DEFAULT,1733742859028,Y,ext-device.sindoh.locale
2002,Y,1733742902525,Y,ext-device.sindoh.use-high-security-port
2002,DEFAULT,1733742859034,Y,ext-device.sindoh.keep-device-settings
2002,Y,1733742859046,Y,ext-device.sindoh.release.show-cost
2002,DEFAULT,1733742859037,Y,ext-device.sindoh.custom-my-panel
2002,DEFAULT,1733742859035,Y,ext-device.sindoh.login.delete-sessions-on-register
2002,DEFAULT,1733742859052,Y,ext-device.sindoh.guest-access.label
2002,DEFAULT,1733742859049,Y,ext-device.sindoh.browser.header-image-color
2002,DEFAULT,1733742859029,Y,ext-device.sindoh.card-decoder-force-mode
2002,"0",1733742859028,Y,ext-device.sindoh.card-decoder-hid
2002,DEFAULT,1733742859034,Y,ext-device.sindoh.keyboard-adaptive
2002,DEFAULT,1733742859018,Y,ext-device.sindoh.logout-on-network-reader-swipe
2002,DEFAULT,1733742859032,Y,ext-device.sindoh.app-scan.title
2002,DEFAULT,1733742859036,Y,ext-device.sindoh.logs.accept-after-logout.mins
2002,Y,1733742859022,Y,ext-device.sindoh.openapi.ssl.enabled
2002,DEFAULT,1733742859043,Y,ext-device.sindoh.user-auth.auto-override
2002,DEFAULT,1733742859044,Y,ext-device.sindoh.internal-error-handling.message
2002,Y,1733742859055,Y,ext-device.sindoh.browser.enabled
2002,DEFAULT,1733742859037,Y,ext-device.sindoh.appno.auto-overwrite
2002,N,1733742859048,Y,ext-device.sindoh.browser.show-status-bar
2002,"88f0db347512467f9af127f4f5e28a37eae4ad12cffff045e6057a2e92a4efdc",1733742953116,N,ext-device.sindoh.device-config-state
2002,"",1733742936499,Y,ext-device.assoc-printers
2002,,1733742936484,Y,snmpv3.privacy-password
2002,N,1733742936499,Y,ext-device.auth-mode.identity-no
2002,DISABLED,1733742936496,Y,release-station.mode
2002,"0",1733742936499,Y,cost.fax.volume-limit
2002,"0.0",1733742936499,Y,cost.fax.cost-per-page
2002,N,1733742936490,Y,ext-device.integrated-scanning.enabled
2002,N,1733742936496,Y,ext-device.release-all-on-login
2002,"0.0",1733742936499,Y,cost.scan.volume-cost-per-page
2002,ALLOW,1733742936496,Y,ext-device.allow-release-on-error
2002,"0.0",1733742936499,Y,cost.scan.cost-per-page
2002,SECURE,1733742936489,Y,ext-device.release-mode
2002,,1733742936484,Y,snmpv3.auth-password
2002,"",1733742936496,Y,charge-rates
2002,"0.0",1733742936499,Y,cost.fax.volume-cost-per-page
2002,"",1733742936499,Y,ext-device.releases-on
2002,,1733742936484,Y,snmpv3.context-name
2002,test3,1733742936499,Y,ext-device.auth.auto-login-username
2002,,1733742936484,Y,snmpv3.username
2002,Y,1733742936499,Y,ext-device.auth-mode.username-password
2002,N,1733742936499,Y,ext-device.auth-mode.card
2002,DEVICE_DEFAULT_LANGUAGE,1733742936500,Y,ext-device.language-selection.option
2002,"0",1733742936499,Y,cost.scan.volume-limit
2002,N,1733742936499,Y,ext-device.auth.mask-id-number
2002,"1734015600000,1,5",1734062213992,N,stats.rolling-day.pages
2002,Y,1734231010688,Y,site-offline-start-allowed
2002,"",1734231012783,Y,ext-device.sindoh.openapi.username
1003,"0.07",1734278102933,Y,toner.magenta
1003,"0.22",1734278102933,Y,toner.black
1003,"0.57",1734278102933,Y,toner.cyan
1003,"0.17",1734278102933,Y,toner.yellow
1003,"1734278101113",1734278102933,Y,toner.last-updated
1007,"1735528103765",1735527793766,Y,status.error-valid-until
1007,"1735527793765",1735527793766,Y,status.last-changed
1007,OK,1735527793766,Y,status
1007,N,1735527793766,Y,status.notif-sent
3003,GLOBAL,1735815139549,Y,ext-device.card-no-regex
3003,N,1735815139552,Y,ext-device.print-as-grayscale-by-default
3003,N,1735815139536,Y,device-filter.login-groups.active
3003,"0.0",1735815139446,Y,default-grayscale-cost
3003,N,1735815139550,Y,ext-device.self-association-with-card-enabled
3003,"0.0",1735815139452,Y,cost.pst.a4.color.simplex
3003,N,1735815139536,Y,filter.allowed-groups.active
3003,N,1735815139460,Y,filter.convert-to-grayscale.active
3003,N,1735815139541,Y,override-no-popup-charge-personal
3003,GLOBAL,1735815139550,Y,ext-device.card-no-converter
3003,N,1735815139536,Y,filter.document-size.active
3003,N,1735815139541,Y,override-user-level-settings
3003,N,1735815139536,Y,filter.duplicate-doc.active
3003,"0.0",1735815139452,Y,cost.pst.a4.grayscale.simplex
3003,N,1735815139541,Y,redirect.target-overrides-settings
3003,N,1735815139536,Y,filter.maxcopies.active
3003,N,1735815139536,Y,filter.colormode.active
3003,Y,1735815139452,Y,cost.pst.a3.enabled
3003,N,1735815139541,Y,snmpv3.enabled
3003,,1735815139549,N,server.remote-address
3003,N,1735815139536,Y,filter.maxcost.active
3003,"0.0",1735815139452,Y,cost.pst.default.color.simplex
3003,"0.0",1735815139452,Y,cost.pst.a3.grayscale.simplex
3003,"0.0",1735815139452,Y,cost.pst.a3.color.simplex
3003,Y,1735815139452,Y,cost.pst.default.enabled
3003,N,1735815139536,Y,filter.docnames.active
3003,"",1735815139539,Y,redirect.compatible-queues
3003,N,1735815139552,Y,ext-device.print-as-duplex-by-default
3003,"0.0",1735815139452,Y,cost.pst.a3.color.duplex
3003,"0.0",1735815139452,Y,cost.pst.a4.grayscale.duplex
3003,"0.0",1735815139452,Y,cost.pst.default.grayscale.simplex
3003,GLOBAL,1735815139552,Y,ext-device.card-self-association.use-secondary-card-number
3003,N,1735815139536,Y,filter.pages.active
3003,N,1735815139460,Y,filter.convert-to-duplex.active
3003,"0.0",1735815139452,Y,cost.pst.a3.grayscale.duplex
3003,"0.0",1735815139452,Y,cost.pst.default.grayscale.duplex
3003,N,1735815139536,Y,filter.papersize.active
3003,N,1735815139541,Y,override-no-popup-charge-shared
3003,Y,1735815139452,Y,cost.pst.a4.enabled
3003,.*,1735815139552,Y,ext-device.self-association-allowed-card-regex
3003,"0.0",1735815139452,Y,cost.pst.default.color.duplex
3003,N,1735815139536,Y,filter.allowed-color-groups.active
3003,"",1735815139536,Y,filter.allowed-color-groups.value
3003,Y,1735815144826,Y,site-offline-start-allowed
1003,"127.0.0.1",1736320771778,N,server.remote-address
1007,"0.57",1736351702599,Y,toner.cyan
1007,"0.17",1736351702599,Y,toner.yellow
1007,"1736351700816",1736351702599,Y,toner.last-updated
3003,Y,1735815139460,Y,filter.restricted-only
3003,N,1735815139536,Y,filter.duplexmode.active
3003,"192.168.2.251",1735815139678,Y,ext-device.hostname
3003,N,1735815139682,Y,ext-device.staged-device.staged
3003,"0.07",1735815141514,Y,toner.magenta
3003,"0.22",1735815141514,Y,toner.black
3003,"0.57",1735815141514,Y,toner.cyan
3003,"0.17",1735815141514,Y,toner.yellow
3003,"1735815139735",1735815141514,Y,toner.last-updated
3003,admin,1735815139695,Y,ext-device.admin.username
3003,"1234567812345678",1735815139697,Y,ext-device.admin.password
3003,Y,1735815146893,Y,ext-device.sindoh.email.personalized-sender
3003,DEFAULT,1735815146896,Y,ext-device.sindoh.timeout.session.mins
3003,logo.png,1735815146911,Y,ext-device.sindoh.browser.custom-logo-filename
3003,Y,1735815146908,Y,ext-device.sindoh.scan.additional-pages.checkbox.checked
3003,DEFAULT,1735815146911,Y,ext-device.sindoh.delete-job-on-insufficient-credit
3003,DEFAULT,1735815146903,Y,ext-device.sindoh.delete-session.batch-size
3003,DEFAULT,1735815146900,Y,ext-device.sindoh.password-button.label
3003,DEFAULT,1735815146904,Y,ext-device.sindoh.allow-third-party-pullprint-apps
3003,"30",1735815146902,Y,ext-device.sindoh.timeout.scan-prompt-send.secs
3003,DEFAULT,1735815146896,Y,ext-device.sindoh.app-button.title
3003,DEFAULT,1735815146904,Y,ext-device.sindoh.allow-third-party-scan-apps
3003,DEFAULT,1735815146903,Y,ext-device.sindoh.device-type-a4
3003,DEFAULT,1735815146906,Y,ext-device.sindoh.browser.header-color
3003,DEFAULT,1735815146902,Y,ext-device.sindoh.limit-device-function.zero-balance
3003,Y,1735815146882,Y,ext-device.integration.enabled
3003,DEFAULT,1735815146893,Y,ext-device.sindoh.login.prioritise-card
3003,"50003",1735815146886,Y,ext-device.sindoh.openapi.sslport
3003,DEFAULT,1735815146902,Y,ext-device.sindoh.elastic-balance
3003,Y,1735815146892,Y,ext-device.sindoh.login.show-account-code
3003,DEFAULT,1735815146898,Y,ext-device.sindoh.app-release.title
3003,Y,1735815146907,Y,ext-device.sindoh.browser.show-logout-button
3003,"60",1735815146892,Y,ext-device.sindoh.period.error
3003,"",1735815146887,Y,ext-device.sindoh.openapi.password
3003,DEFAULT,1735815146905,Y,ext-device.sindoh.accounts.initial-tab
3003,DEFAULT,1735815146900,Y,ext-device.sindoh.login-confirmation-message
3003,N,1735815146907,Y,ext-device.sindoh.browser.show-hostname
3003,Y,1735815146907,Y,ext-device.sindoh.browser.show-back-button
3003,DEFAULT,1735815146903,Y,ext-device.sindoh.auth.public-setting
3003,Y,1735815146892,Y,ext-device.sindoh.login.allow-account-list
3003,DEFAULT,1735815146908,Y,ext-device.sindoh.browser.chromium.popup-keyboard
3003,"300",1735815146891,Y,ext-device.sindoh.period.ping
3003,DEFAULT,1735815146904,Y,ext-device.sindoh.internal-error-handling.enabled
3003,Y,1735815146905,Y,ext-device.sindoh.login.show-release
3003,N,1735815146892,Y,ext-device.sindoh.login.host-based-authentication.enabled
3003,Y,1735815146908,Y,ext-device.sindoh.login.enable-auto-submit
3003,DEFAULT,1735815146903,Y,ext-device.sindoh.card-decode-scheme
3003,"2",1735815146892,Y,ext-device.sindoh.period.url-change-retry
3003,"",1735815146887,Y,ext-device.sindoh.openapi.username
3003,DEFAULT,1735815146905,Y,ext-device.sindoh.release.list-format
3003,DEFAULT,1735815146909,Y,ext-device.sindoh.browser.show-sha1-message
3003,DEFAULT,1735815146886,Y,ext-device.sindoh.message.welcome.line1
3003,"300",1735815146892,Y,ext-device.sindoh.period.fatal
3003,DEFAULT,1735815146886,Y,ext-device.sindoh.message.welcome.line2
3003,N,1735815146895,Y,ext-device.sindoh.skip-setup
3003,DEFAULT,1735815146906,Y,ext-device.sindoh.browser.header-text-color
3003,DEFAULT,1735815146911,Y,ext-device.sindoh.browser.device-function-button.title
3003,N,1735815146893,Y,ext-device.sindoh.restricted.allow-multiple-login
3003,"60",1735815146901,Y,ext-device.sindoh.login.max-session-age-days
3003,DEFAULT,1735815146909,Y,ext-device.sindoh.browser.scanning-merge-pdf
3003,"0",1735815146906,Y,ext-device.sindoh.browser.screen-height
3003,DEFAULT,1735815146882,Y,ext-device.sindoh.force-app-registration
3003,DEFAULT,1735815146888,Y,ext-device.sindoh.appno.auto-registering
3003,DEFAULT,1735815146898,Y,ext-device.sindoh.username-button.label
3003,DEFAULT,1735815146903,Y,ext-device.sindoh.enable.screen-logout-button
3003,DEFAULT,1735815146909,Y,ext-device.sindoh.browser.scanning-merge-tiff
3003,"60",1735815146906,Y,ext-device.sindoh.browser.connection-timeout.secs
3003,DEFAULT,1735815146901,Y,ext-device.sindoh.logs.track-partial-jobs
3003,[a-zA-Z0-9]+,1735815146895,Y,ext-device.sindoh.keyboard-card-decoder-regx
3003,N,1735815146892,Y,ext-device.sindoh.login.show-account-search
3003,N,1735815146885,Y,ext-device.sindoh.logout-before-app-registration
3003,DEFAULT,1735815146909,Y,ext-device.sindoh.browser.suppress-home-screen
3003,DEFAULT,1735815146900,Y,ext-device.sindoh.id-number-button.label
3003,DEFAULT,1735815146895,Y,ext-device.sindoh.display-balance
3003,"29000",1735815146900,Y,ext-device.sindoh.login.max-stored-sessions
3003,"0",1735815146905,Y,ext-device.sindoh.browser.screen-width
3003,Y,1735815146905,Y,ext-device.show-account-confirmation
3003,N,1735815146896,Y,ext-device.sindoh.compatibility-mode
3003,Y,1735815146907,Y,ext-device.sindoh.scan.prompt.checkbox.checked
3003,N,1735815146893,Y,ext-device.sindoh.login.host-based.enabled
3003,DEFAULT,1735815146896,Y,ext-device.sindoh.timeout.escrow.mins
3003,DEFAULT,1735815146886,Y,ext-device.sindoh.auth.screen.title
3003,N,1735815146892,Y,ext-device.sindoh.login.show-user-list
3003,DEFAULT,1735815146907,Y,ext-device.sindoh.browser.enable-fast-login-flow
3003,DEFAULT,1735815146908,Y,ext-device.sindoh.browser.scanning-compact-pdf
3003,"50001",1735815146886,Y,ext-device.sindoh.openapi.non-sslport
3003,DEFAULT,1735815146894,Y,ext-device.sindoh.locale
3003,N,1735815146904,Y,ext-device.sindoh.use-high-security-port
3003,DEFAULT,1735815146900,Y,ext-device.sindoh.keep-device-settings
3003,Y,1735815146905,Y,ext-device.sindoh.release.show-cost
3003,DEFAULT,1735815146902,Y,ext-device.sindoh.custom-my-panel
3003,DEFAULT,1735815146901,Y,ext-device.sindoh.login.delete-sessions-on-register
3003,DEFAULT,1735815146907,Y,ext-device.sindoh.guest-access.label
3003,DEFAULT,1735815146906,Y,ext-device.sindoh.browser.header-image-color
3003,DEFAULT,1735815146894,Y,ext-device.sindoh.card-decoder-force-mode
3003,"0",1735815146894,Y,ext-device.sindoh.card-decoder-hid
3003,DEFAULT,1735815146900,Y,ext-device.sindoh.keyboard-adaptive
3003,DEFAULT,1735815146885,Y,ext-device.sindoh.logout-on-network-reader-swipe
3003,DEFAULT,1735815146898,Y,ext-device.sindoh.app-scan.title
3003,DEFAULT,1735815146901,Y,ext-device.sindoh.logs.accept-after-logout.mins
3003,Y,1735815146887,Y,ext-device.sindoh.openapi.ssl.enabled
3003,DEFAULT,1735815146904,Y,ext-device.sindoh.user-auth.auto-override
3003,DEFAULT,1735815146904,Y,ext-device.sindoh.internal-error-handling.message
3003,Y,1735815146909,Y,ext-device.sindoh.browser.enabled
3003,DEFAULT,1735815146902,Y,ext-device.sindoh.appno.auto-overwrite
3003,N,1735815146906,Y,ext-device.sindoh.browser.show-status-bar
3003,N,1735815147849,Y,ext-device.sindoh.avoid-additional-media-info
3003,"2aa96d988d91291afa8523cd046f754c8870abe4bad0b0b773bca478b949a1a5",1735815162899,N,ext-device.sindoh.device-config-state
3004,Y,1736226768921,Y,ext-device.allow-release-all
3004,"60",1736226768921,Y,ext-device.inactivity-timeout-secs
3004,"",1736226768903,Y,filter.allowed-groups.value
3004,"0.0",1736226768902,Y,cost.pst.a4.color.duplex
3004,N,1736226768903,Y,device-filter.color-copy-groups.active
3004,GLOBAL,1736226768921,Y,ext-device.card-no-regex
3004,N,1736226768921,Y,ext-device.print-as-grayscale-by-default
3004,N,1736226768903,Y,device-filter.login-groups.active
3004,"0.0",1736226768901,Y,default-grayscale-cost
3004,N,1736226768921,Y,ext-device.self-association-with-card-enabled
3004,"0.0",1736226768902,Y,cost.pst.a4.color.simplex
3004,N,1736226768903,Y,filter.allowed-groups.active
3004,N,1736226768902,Y,filter.convert-to-grayscale.active
3004,N,1736226768903,Y,override-no-popup-charge-personal
3004,GLOBAL,1736226768921,Y,ext-device.card-no-converter
3004,N,1736226768903,Y,filter.document-size.active
3004,N,1736226768903,Y,override-user-level-settings
3004,N,1736226768903,Y,filter.duplicate-doc.active
3004,"0.0",1736226768902,Y,cost.pst.a4.grayscale.simplex
3004,N,1736226768903,Y,redirect.target-overrides-settings
3004,N,1736226768903,Y,filter.maxcopies.active
3004,N,1736226768903,Y,filter.colormode.active
3004,Y,1736226768902,Y,cost.pst.a3.enabled
3004,N,1736226768903,Y,snmpv3.enabled
3004,,1736226768921,N,server.remote-address
3004,N,1736226768903,Y,filter.maxcost.active
3004,"0.0",1736226768902,Y,cost.pst.default.color.simplex
3004,"0.0",1736226768902,Y,cost.pst.a3.grayscale.simplex
3004,"0.0",1736226768902,Y,cost.pst.a3.color.simplex
3004,Y,1736226768902,Y,cost.pst.default.enabled
3004,N,1736226768903,Y,filter.docnames.active
3004,"",1736226768903,Y,redirect.compatible-queues
3004,N,1736226768921,Y,ext-device.print-as-duplex-by-default
3004,"0.0",1736226768902,Y,cost.pst.a3.color.duplex
3004,"0.0",1736226768902,Y,cost.pst.a4.grayscale.duplex
3004,"0.0",1736226768902,Y,cost.pst.default.grayscale.simplex
3004,GLOBAL,1736226768921,Y,ext-device.card-self-association.use-secondary-card-number
3004,N,1736226768903,Y,filter.pages.active
3004,N,1736226768902,Y,filter.convert-to-duplex.active
3004,"0.0",1736226768902,Y,cost.pst.a3.grayscale.duplex
3004,"0.0",1736226768902,Y,cost.pst.default.grayscale.duplex
3004,N,1736226768903,Y,filter.papersize.active
3004,N,1736226768903,Y,override-no-popup-charge-shared
3004,Y,1736226768902,Y,cost.pst.a4.enabled
3004,.*,1736226768921,Y,ext-device.self-association-allowed-card-regex
3004,"0.0",1736226768902,Y,cost.pst.default.color.duplex
3004,N,1736226768903,Y,filter.allowed-color-groups.active
3004,"",1736226768903,Y,filter.allowed-color-groups.value
3004,Y,1736226768902,Y,filter.restricted-only
3004,N,1736226768903,Y,filter.duplexmode.active
3004,"192.168.2.251",1736226768940,Y,ext-device.hostname
3004,N,1736226768940,Y,ext-device.staged-device.staged
3004,"0.07",1736226770782,Y,toner.magenta
3004,"0.22",1736226770782,Y,toner.black
3004,"0.57",1736226770782,Y,toner.cyan
3004,"0.17",1736226770782,Y,toner.yellow
3004,"1736226769012",1736226770782,Y,toner.last-updated
3004,admin,1736226768944,Y,ext-device.admin.username
3004,"1234567812345678",1736226768944,Y,ext-device.admin.password
3004,Y,1736226774034,Y,site-offline-start-allowed
3004,Y,1736226776052,Y,ext-device.sindoh.email.personalized-sender
3004,DEFAULT,1736226776052,Y,ext-device.sindoh.timeout.session.mins
3004,logo.png,1736226776066,Y,ext-device.sindoh.browser.custom-logo-filename
3004,Y,1736226776064,Y,ext-device.sindoh.scan.additional-pages.checkbox.checked
3004,DEFAULT,1736226776065,Y,ext-device.sindoh.delete-job-on-insufficient-credit
3004,DEFAULT,1736226776059,Y,ext-device.sindoh.delete-session.batch-size
3004,DEFAULT,1736226776053,Y,ext-device.sindoh.password-button.label
3004,DEFAULT,1736226776060,Y,ext-device.sindoh.allow-third-party-pullprint-apps
3004,"30",1736226776059,Y,ext-device.sindoh.timeout.scan-prompt-send.secs
3004,DEFAULT,1736226776052,Y,ext-device.sindoh.app-button.title
3004,DEFAULT,1736226776060,Y,ext-device.sindoh.allow-third-party-scan-apps
3004,DEFAULT,1736226776059,Y,ext-device.sindoh.device-type-a4
3004,DEFAULT,1736226776062,Y,ext-device.sindoh.browser.header-color
3004,DEFAULT,1736226776059,Y,ext-device.sindoh.limit-device-function.zero-balance
3004,Y,1736226776048,Y,ext-device.integration.enabled
3004,DEFAULT,1736226776051,Y,ext-device.sindoh.login.prioritise-card
3004,"50003",1736226776049,Y,ext-device.sindoh.openapi.sslport
3004,DEFAULT,1736226776059,Y,ext-device.sindoh.elastic-balance
3004,Y,1736226776051,Y,ext-device.sindoh.login.show-account-code
3004,DEFAULT,1736226776053,Y,ext-device.sindoh.app-release.title
3004,Y,1736226776063,Y,ext-device.sindoh.browser.show-logout-button
3004,"60",1736226776050,Y,ext-device.sindoh.period.error
3004,"",1736226776049,Y,ext-device.sindoh.openapi.password
1007,"0.07",1736351702599,Y,toner.magenta
1007,"0.22",1736351702599,Y,toner.black
3004,DEFAULT,1736226776061,Y,ext-device.sindoh.accounts.initial-tab
3004,DEFAULT,1736226776053,Y,ext-device.sindoh.login-confirmation-message
3004,N,1736226776063,Y,ext-device.sindoh.browser.show-hostname
3004,Y,1736226776063,Y,ext-device.sindoh.browser.show-back-button
3004,DEFAULT,1736226776059,Y,ext-device.sindoh.auth.public-setting
3004,Y,1736226776051,Y,ext-device.sindoh.login.allow-account-list
3004,DEFAULT,1736226776064,Y,ext-device.sindoh.browser.chromium.popup-keyboard
3004,"300",1736226776050,Y,ext-device.sindoh.period.ping
3004,DEFAULT,1736226776061,Y,ext-device.sindoh.internal-error-handling.enabled
3004,Y,1736226776061,Y,ext-device.sindoh.login.show-release
3004,N,1736226776051,Y,ext-device.sindoh.login.host-based-authentication.enabled
3004,Y,1736226776064,Y,ext-device.sindoh.login.enable-auto-submit
3004,DEFAULT,1736226776059,Y,ext-device.sindoh.card-decode-scheme
3004,"2",1736226776050,Y,ext-device.sindoh.period.url-change-retry
3004,"",1736226776049,Y,ext-device.sindoh.openapi.username
3004,DEFAULT,1736226776061,Y,ext-device.sindoh.release.list-format
3004,DEFAULT,1736226776065,Y,ext-device.sindoh.browser.show-sha1-message
3004,DEFAULT,1736226776049,Y,ext-device.sindoh.message.welcome.line1
3004,"300",1736226776050,Y,ext-device.sindoh.period.fatal
3004,DEFAULT,1736226776049,Y,ext-device.sindoh.message.welcome.line2
3004,N,1736226776052,Y,ext-device.sindoh.skip-setup
3004,DEFAULT,1736226776063,Y,ext-device.sindoh.browser.header-text-color
3004,DEFAULT,1736226776065,Y,ext-device.sindoh.browser.device-function-button.title
3004,N,1736226776052,Y,ext-device.sindoh.restricted.allow-multiple-login
3004,"60",1736226776058,Y,ext-device.sindoh.login.max-session-age-days
3004,DEFAULT,1736226776064,Y,ext-device.sindoh.browser.scanning-merge-pdf
3004,"0",1736226776062,Y,ext-device.sindoh.browser.screen-height
3004,DEFAULT,1736226776048,Y,ext-device.sindoh.force-app-registration
3004,DEFAULT,1736226776049,Y,ext-device.sindoh.appno.auto-registering
3004,DEFAULT,1736226776053,Y,ext-device.sindoh.username-button.label
3004,DEFAULT,1736226776060,Y,ext-device.sindoh.enable.screen-logout-button
3004,DEFAULT,1736226776064,Y,ext-device.sindoh.browser.scanning-merge-tiff
3004,"60",1736226776062,Y,ext-device.sindoh.browser.connection-timeout.secs
3004,DEFAULT,1736226776058,Y,ext-device.sindoh.logs.track-partial-jobs
3004,[a-zA-Z0-9]+,1736226776052,Y,ext-device.sindoh.keyboard-card-decoder-regx
3004,N,1736226776051,Y,ext-device.sindoh.login.show-account-search
3004,N,1736226776049,Y,ext-device.sindoh.logout-before-app-registration
3004,DEFAULT,1736226776065,Y,ext-device.sindoh.browser.suppress-home-screen
3004,DEFAULT,1736226776053,Y,ext-device.sindoh.id-number-button.label
3004,DEFAULT,1736226776052,Y,ext-device.sindoh.display-balance
3004,"29000",1736226776054,Y,ext-device.sindoh.login.max-stored-sessions
3004,"0",1736226776062,Y,ext-device.sindoh.browser.screen-width
3004,Y,1736226776061,Y,ext-device.show-account-confirmation
3004,N,1736226776052,Y,ext-device.sindoh.compatibility-mode
3004,Y,1736226776063,Y,ext-device.sindoh.scan.prompt.checkbox.checked
3004,N,1736226776051,Y,ext-device.sindoh.login.host-based.enabled
3004,DEFAULT,1736226776052,Y,ext-device.sindoh.timeout.escrow.mins
3004,DEFAULT,1736226776049,Y,ext-device.sindoh.auth.screen.title
3004,N,1736226776050,Y,ext-device.sindoh.login.show-user-list
3004,DEFAULT,1736226776063,Y,ext-device.sindoh.browser.enable-fast-login-flow
3004,DEFAULT,1736226776064,Y,ext-device.sindoh.browser.scanning-compact-pdf
3004,"50001",1736226776049,Y,ext-device.sindoh.openapi.non-sslport
3004,DEFAULT,1736226776052,Y,ext-device.sindoh.locale
3004,N,1736226776060,Y,ext-device.sindoh.use-high-security-port
3004,DEFAULT,1736226776053,Y,ext-device.sindoh.keep-device-settings
3004,Y,1736226776061,Y,ext-device.sindoh.release.show-cost
3004,DEFAULT,1736226776059,Y,ext-device.sindoh.custom-my-panel
3004,DEFAULT,1736226776058,Y,ext-device.sindoh.login.delete-sessions-on-register
3004,DEFAULT,1736226776063,Y,ext-device.sindoh.guest-access.label
3004,DEFAULT,1736226776063,Y,ext-device.sindoh.browser.header-image-color
3004,DEFAULT,1736226776052,Y,ext-device.sindoh.card-decoder-force-mode
3004,"0",1736226776052,Y,ext-device.sindoh.card-decoder-hid
3004,DEFAULT,1736226776053,Y,ext-device.sindoh.keyboard-adaptive
3004,DEFAULT,1736226776049,Y,ext-device.sindoh.logout-on-network-reader-swipe
3004,DEFAULT,1736226776053,Y,ext-device.sindoh.app-scan.title
3004,DEFAULT,1736226776058,Y,ext-device.sindoh.logs.accept-after-logout.mins
3004,Y,1736226776049,Y,ext-device.sindoh.openapi.ssl.enabled
3004,DEFAULT,1736226776060,Y,ext-device.sindoh.user-auth.auto-override
3004,DEFAULT,1736226776061,Y,ext-device.sindoh.internal-error-handling.message
3004,Y,1736226776065,Y,ext-device.sindoh.browser.enabled
3004,DEFAULT,1736226776058,Y,ext-device.sindoh.appno.auto-overwrite
3004,N,1736226776062,Y,ext-device.sindoh.browser.show-status-bar
3004,N,1736226777563,Y,ext-device.sindoh.avoid-additional-media-info
3004,"4bf0ba9dd0a2b4dffbc7e94c665b191e4ac2cf1b130a51fdbc3b49fd419c3bd7",1736226794157,N,ext-device.sindoh.device-config-state
3005,"60",1736231033419,Y,ext-device.inactivity-timeout-secs
3005,"",1736231033417,Y,filter.allowed-groups.value
3005,"0.0",1736231033417,Y,cost.pst.a4.color.duplex
3005,N,1736231033417,Y,device-filter.color-copy-groups.active
3005,GLOBAL,1736231033419,Y,ext-device.card-no-regex
3005,N,1736231033419,Y,ext-device.print-as-grayscale-by-default
3005,N,1736231033417,Y,device-filter.login-groups.active
3005,"0.0",1736231033417,Y,default-grayscale-cost
3005,"0.0",1736231033417,Y,cost.pst.a4.color.simplex
3005,N,1736231033417,Y,filter.allowed-groups.active
3005,N,1736231033417,Y,filter.convert-to-grayscale.active
3005,N,1736231033417,Y,override-no-popup-charge-personal
3005,GLOBAL,1736231033419,Y,ext-device.card-no-converter
3005,N,1736231033417,Y,filter.document-size.active
3005,N,1736231033417,Y,override-user-level-settings
3005,N,1736231033417,Y,filter.duplicate-doc.active
3005,"0.0",1736231033417,Y,cost.pst.a4.grayscale.simplex
3005,N,1736231033417,Y,redirect.target-overrides-settings
3005,N,1736231033417,Y,filter.maxcopies.active
3005,N,1736231033417,Y,filter.colormode.active
3005,Y,1736231033417,Y,cost.pst.a3.enabled
3005,,1736231033419,N,server.remote-address
3005,N,1736231033417,Y,filter.maxcost.active
3005,"0.0",1736231033417,Y,cost.pst.default.color.simplex
3005,"0.0",1736231033417,Y,cost.pst.a3.grayscale.simplex
3005,"0.0",1736231033417,Y,cost.pst.a3.color.simplex
3005,Y,1736231033417,Y,cost.pst.default.enabled
3005,N,1736231033417,Y,filter.docnames.active
3005,"",1736231033417,Y,redirect.compatible-queues
3005,N,1736231033419,Y,ext-device.print-as-duplex-by-default
3005,"0.0",1736231033417,Y,cost.pst.a3.color.duplex
3005,"0.0",1736231033417,Y,cost.pst.a4.grayscale.duplex
3005,"0.0",1736231033417,Y,cost.pst.default.grayscale.simplex
3005,GLOBAL,1736231033419,Y,ext-device.card-self-association.use-secondary-card-number
3005,N,1736231033417,Y,filter.pages.active
3005,N,1736231033417,Y,filter.convert-to-duplex.active
3005,"0.0",1736231033417,Y,cost.pst.a3.grayscale.duplex
3005,"0.0",1736231033417,Y,cost.pst.default.grayscale.duplex
3005,N,1736231033417,Y,filter.papersize.active
3005,N,1736231033417,Y,override-no-popup-charge-shared
3005,Y,1736231033417,Y,cost.pst.a4.enabled
3005,.*,1736231033419,Y,ext-device.self-association-allowed-card-regex
3005,"0.0",1736231033417,Y,cost.pst.default.color.duplex
3005,N,1736231033417,Y,filter.allowed-color-groups.active
3005,"",1736231033417,Y,filter.allowed-color-groups.value
3005,Y,1736231033417,Y,filter.restricted-only
3005,N,1736231033417,Y,filter.duplexmode.active
3005,N,1736231033426,Y,ext-device.staged-device.staged
3005,"1234567812345678",1736231033436,Y,ext-device.admin.password
3005,Y,1736231040493,Y,ext-device.sindoh.email.personalized-sender
3005,DEFAULT,1736231040494,Y,ext-device.sindoh.timeout.session.mins
3005,logo.png,1736231040501,Y,ext-device.sindoh.browser.custom-logo-filename
3005,Y,1736231040499,Y,ext-device.sindoh.scan.additional-pages.checkbox.checked
3005,DEFAULT,1736231040501,Y,ext-device.sindoh.delete-job-on-insufficient-credit
3005,DEFAULT,1736231040496,Y,ext-device.sindoh.delete-session.batch-size
3005,DEFAULT,1736231040494,Y,ext-device.sindoh.password-button.label
3005,DEFAULT,1736231040496,Y,ext-device.sindoh.allow-third-party-pullprint-apps
3005,"30",1736231040496,Y,ext-device.sindoh.timeout.scan-prompt-send.secs
3005,DEFAULT,1736231040494,Y,ext-device.sindoh.app-button.title
3005,DEFAULT,1736231040496,Y,ext-device.sindoh.allow-third-party-scan-apps
3005,DEFAULT,1736231040496,Y,ext-device.sindoh.device-type-a4
3005,DEFAULT,1736231040498,Y,ext-device.sindoh.browser.header-color
3005,DEFAULT,1736231040496,Y,ext-device.sindoh.limit-device-function.zero-balance
3005,Y,1736231040487,Y,ext-device.integration.enabled
3005,DEFAULT,1736231040492,Y,ext-device.sindoh.login.prioritise-card
3005,"50003",1736231040489,Y,ext-device.sindoh.openapi.sslport
3005,DEFAULT,1736231040496,Y,ext-device.sindoh.elastic-balance
3005,Y,1736231040491,Y,ext-device.sindoh.login.show-account-code
3005,DEFAULT,1736231040494,Y,ext-device.sindoh.app-release.title
3005,Y,1736231040499,Y,ext-device.sindoh.browser.show-logout-button
3005,"60",1736231040490,Y,ext-device.sindoh.period.error
3005,DEFAULT,1736231040497,Y,ext-device.sindoh.accounts.initial-tab
3005,DEFAULT,1736231040494,Y,ext-device.sindoh.login-confirmation-message
3005,N,1736231040499,Y,ext-device.sindoh.browser.show-hostname
3005,Y,1736231040499,Y,ext-device.sindoh.browser.show-back-button
3005,DEFAULT,1736231040496,Y,ext-device.sindoh.auth.public-setting
3005,Y,1736231040492,Y,ext-device.sindoh.login.allow-account-list
3005,DEFAULT,1736231040499,Y,ext-device.sindoh.browser.chromium.popup-keyboard
3005,"300",1736231040490,Y,ext-device.sindoh.period.ping
3005,DEFAULT,1736231040496,Y,ext-device.sindoh.internal-error-handling.enabled
3005,Y,1736231040497,Y,ext-device.sindoh.login.show-release
3005,N,1736231040492,Y,ext-device.sindoh.login.host-based-authentication.enabled
3005,Y,1736231040499,Y,ext-device.sindoh.login.enable-auto-submit
3005,DEFAULT,1736231040496,Y,ext-device.sindoh.card-decode-scheme
3005,"2",1736231040491,Y,ext-device.sindoh.period.url-change-retry
3005,DEFAULT,1736231040497,Y,ext-device.sindoh.release.list-format
3005,DEFAULT,1736231040500,Y,ext-device.sindoh.browser.show-sha1-message
3005,N,1736231103876,Y,ext-device.self-association-with-card-enabled
3005,Y,1736301613699,Y,site-offline-start-allowed
3005,"",1736301615755,Y,ext-device.sindoh.openapi.password
3005,"",1736301615755,Y,ext-device.sindoh.openapi.username
3005,DEFAULT,1736231040488,Y,ext-device.sindoh.message.welcome.line1
3005,"300",1736231040491,Y,ext-device.sindoh.period.fatal
3005,DEFAULT,1736231040488,Y,ext-device.sindoh.message.welcome.line2
3005,N,1736231040493,Y,ext-device.sindoh.skip-setup
3005,DEFAULT,1736231040498,Y,ext-device.sindoh.browser.header-text-color
3005,DEFAULT,1736231040500,Y,ext-device.sindoh.browser.device-function-button.title
3005,N,1736231040493,Y,ext-device.sindoh.restricted.allow-multiple-login
3005,"60",1736231040495,Y,ext-device.sindoh.login.max-session-age-days
3005,DEFAULT,1736231040499,Y,ext-device.sindoh.browser.scanning-merge-pdf
3005,"0",1736231040497,Y,ext-device.sindoh.browser.screen-height
3005,DEFAULT,1736231040487,Y,ext-device.sindoh.force-app-registration
3005,DEFAULT,1736231040490,Y,ext-device.sindoh.appno.auto-registering
3005,DEFAULT,1736231040494,Y,ext-device.sindoh.username-button.label
3005,DEFAULT,1736231040496,Y,ext-device.sindoh.enable.screen-logout-button
3005,DEFAULT,1736231040499,Y,ext-device.sindoh.browser.scanning-merge-tiff
3005,"60",1736231040497,Y,ext-device.sindoh.browser.connection-timeout.secs
3005,DEFAULT,1736231040495,Y,ext-device.sindoh.logs.track-partial-jobs
3005,[a-zA-Z0-9]+,1736231040493,Y,ext-device.sindoh.keyboard-card-decoder-regx
3005,N,1736231040492,Y,ext-device.sindoh.login.show-account-search
3005,N,1736231040488,Y,ext-device.sindoh.logout-before-app-registration
3005,DEFAULT,1736231040500,Y,ext-device.sindoh.browser.suppress-home-screen
3005,DEFAULT,1736231040494,Y,ext-device.sindoh.id-number-button.label
3005,DEFAULT,1736231040493,Y,ext-device.sindoh.display-balance
3005,"29000",1736231040495,Y,ext-device.sindoh.login.max-stored-sessions
3005,"0",1736231040497,Y,ext-device.sindoh.browser.screen-width
3005,N,1736231040494,Y,ext-device.sindoh.compatibility-mode
3005,Y,1736231040499,Y,ext-device.sindoh.scan.prompt.checkbox.checked
3005,N,1736231040492,Y,ext-device.sindoh.login.host-based.enabled
3005,DEFAULT,1736231040493,Y,ext-device.sindoh.timeout.escrow.mins
3005,DEFAULT,1736231040488,Y,ext-device.sindoh.auth.screen.title
3005,N,1736231040491,Y,ext-device.sindoh.login.show-user-list
3005,DEFAULT,1736231040499,Y,ext-device.sindoh.browser.enable-fast-login-flow
3005,DEFAULT,1736231040499,Y,ext-device.sindoh.browser.scanning-compact-pdf
3005,"50001",1736231040489,Y,ext-device.sindoh.openapi.non-sslport
3005,DEFAULT,1736231040493,Y,ext-device.sindoh.locale
3005,N,1736231040496,Y,ext-device.sindoh.use-high-security-port
3005,DEFAULT,1736231040495,Y,ext-device.sindoh.keep-device-settings
3005,Y,1736231040497,Y,ext-device.sindoh.release.show-cost
3005,DEFAULT,1736231040495,Y,ext-device.sindoh.custom-my-panel
3005,DEFAULT,1736231040495,Y,ext-device.sindoh.login.delete-sessions-on-register
3005,DEFAULT,1736231040499,Y,ext-device.sindoh.guest-access.label
3005,DEFAULT,1736231040498,Y,ext-device.sindoh.browser.header-image-color
3005,DEFAULT,1736231040493,Y,ext-device.sindoh.card-decoder-force-mode
3005,"0",1736231040493,Y,ext-device.sindoh.card-decoder-hid
3005,DEFAULT,1736231040494,Y,ext-device.sindoh.keyboard-adaptive
3005,DEFAULT,1736231040488,Y,ext-device.sindoh.logout-on-network-reader-swipe
3005,DEFAULT,1736231040494,Y,ext-device.sindoh.app-scan.title
3005,DEFAULT,1736231040495,Y,ext-device.sindoh.logs.accept-after-logout.mins
3005,Y,1736231040489,Y,ext-device.sindoh.openapi.ssl.enabled
3005,DEFAULT,1736231040496,Y,ext-device.sindoh.user-auth.auto-override
3005,DEFAULT,1736231040497,Y,ext-device.sindoh.internal-error-handling.message
3005,Y,1736231040500,Y,ext-device.sindoh.browser.enabled
3005,DEFAULT,1736231040495,Y,ext-device.sindoh.appno.auto-overwrite
3005,N,1736231040498,Y,ext-device.sindoh.browser.show-status-bar
3005,N,1736231041459,Y,ext-device.sindoh.avoid-additional-media-info
3005,N,1736231103876,Y,snmpv3.enabled
3005,Y,1736231103868,Y,ext-device.allow-release-all
3005,admin,1736231103865,Y,ext-device.admin.username
3005,"192.168.2.251",1736231103865,Y,ext-device.hostname
3005,Y,1736231103868,Y,ext-device.show-account-confirmation
3005,"",1736231103876,Y,ext-device.assoc-printers
3005,,1736231103865,Y,snmpv3.privacy-password
3005,N,1736231103876,Y,ext-device.auth-mode.identity-no
3005,DISABLED,1736231103875,Y,release-station.mode
3005,"0",1736231103876,Y,cost.fax.volume-limit
3005,"0.0",1736231103876,Y,cost.fax.cost-per-page
3005,N,1736231103870,Y,ext-device.integrated-scanning.enabled
3005,N,1736231103875,Y,ext-device.release-all-on-login
3005,"0.0",1736231103876,Y,cost.scan.volume-cost-per-page
3005,ALLOW,1736231103875,Y,ext-device.allow-release-on-error
3005,"0.0",1736231103876,Y,cost.scan.cost-per-page
3005,SECURE,1736231103869,Y,ext-device.release-mode
3005,,1736231103865,Y,snmpv3.auth-password
3005,"",1736231103875,Y,charge-rates
3005,"0.0",1736231103876,Y,cost.fax.volume-cost-per-page
3005,"",1736231103876,Y,ext-device.releases-on
3005,,1736231103865,Y,snmpv3.context-name
3005,"",1736231103876,Y,ext-device.auth.auto-login-username
3005,,1736231103865,Y,snmpv3.username
3005,Y,1736231103876,Y,ext-device.auth-mode.username-password
3005,N,1736231103876,Y,ext-device.auth-mode.card
3005,DEVICE_DEFAULT_LANGUAGE,1736231103876,Y,ext-device.language-selection.option
3005,"0",1736231103876,Y,cost.scan.volume-limit
3005,N,1736231103876,Y,ext-device.auth.mask-id-number
3005,"6b7330f110a56e49a0162b997f42c61bcd63281e746702b668ac920f66db7491",1736301636988,N,ext-device.sindoh.device-config-state
3006,Y,1736320640546,Y,ext-device.allow-release-all
3006,"60",1736320640546,Y,ext-device.inactivity-timeout-secs
3006,"",1736320640541,Y,filter.allowed-groups.value
3006,"0.0",1736320640540,Y,cost.pst.a4.color.duplex
3006,N,1736320640541,Y,device-filter.color-copy-groups.active
3006,GLOBAL,1736320640546,Y,ext-device.card-no-regex
3006,N,1736320640546,Y,ext-device.print-as-grayscale-by-default
3006,N,1736320640541,Y,device-filter.login-groups.active
3006,"0.0",1736320640540,Y,default-grayscale-cost
3006,N,1736320640546,Y,ext-device.self-association-with-card-enabled
3006,"0.0",1736320640540,Y,cost.pst.a4.color.simplex
3006,N,1736320640541,Y,filter.allowed-groups.active
3006,N,1736320640540,Y,filter.convert-to-grayscale.active
3006,N,1736320640541,Y,override-no-popup-charge-personal
3006,GLOBAL,1736320640546,Y,ext-device.card-no-converter
3006,N,1736320640541,Y,filter.document-size.active
3006,N,1736320640541,Y,override-user-level-settings
3006,N,1736320640541,Y,filter.duplicate-doc.active
3006,"0.0",1736320640540,Y,cost.pst.a4.grayscale.simplex
3006,N,1736320640541,Y,redirect.target-overrides-settings
3006,N,1736320640541,Y,filter.maxcopies.active
3006,N,1736320640541,Y,filter.colormode.active
3006,Y,1736320640540,Y,cost.pst.a3.enabled
3006,N,1736320640541,Y,snmpv3.enabled
3006,,1736320640546,N,server.remote-address
3006,N,1736320640541,Y,filter.maxcost.active
3006,"0.0",1736320640540,Y,cost.pst.default.color.simplex
3006,"0.0",1736320640540,Y,cost.pst.a3.grayscale.simplex
3006,"0.0",1736320640540,Y,cost.pst.a3.color.simplex
3006,Y,1736320640540,Y,cost.pst.default.enabled
3006,N,1736320640541,Y,filter.docnames.active
3006,"",1736320640541,Y,redirect.compatible-queues
3006,N,1736320640546,Y,ext-device.print-as-duplex-by-default
3006,"0.0",1736320640540,Y,cost.pst.a3.color.duplex
3006,"0.0",1736320640540,Y,cost.pst.a4.grayscale.duplex
3006,"0.0",1736320640540,Y,cost.pst.default.grayscale.simplex
3006,GLOBAL,1736320640546,Y,ext-device.card-self-association.use-secondary-card-number
3006,N,1736320640541,Y,filter.pages.active
3006,N,1736320640540,Y,filter.convert-to-duplex.active
3006,"0.0",1736320640540,Y,cost.pst.a3.grayscale.duplex
3006,"0.0",1736320640540,Y,cost.pst.default.grayscale.duplex
3006,N,1736320640541,Y,filter.papersize.active
3006,N,1736320640541,Y,override-no-popup-charge-shared
3006,Y,1736320640540,Y,cost.pst.a4.enabled
3006,.*,1736320640546,Y,ext-device.self-association-allowed-card-regex
3006,"0.0",1736320640540,Y,cost.pst.default.color.duplex
3006,N,1736320640541,Y,filter.allowed-color-groups.active
3006,"",1736320640541,Y,filter.allowed-color-groups.value
3006,Y,1736320640540,Y,filter.restricted-only
3006,N,1736320640541,Y,filter.duplexmode.active
3006,"192.168.2.251",1736320640551,Y,ext-device.hostname
3006,N,1736320640551,Y,ext-device.staged-device.staged
3006,admin,1736320640553,Y,ext-device.admin.username
3006,"1234567812345678",1736320640553,Y,ext-device.admin.password
3006,Y,1736320640563,Y,site-offline-start-allowed
3006,"0.07",1736320642530,Y,toner.magenta
3006,"0.22",1736320642530,Y,toner.black
3006,"0.57",1736320642530,Y,toner.cyan
3006,"0.17",1736320642530,Y,toner.yellow
3006,"1736320640596",1736320642530,Y,toner.last-updated
3006,Y,1736320642587,Y,ext-device.sindoh.email.personalized-sender
3006,DEFAULT,1736320642589,Y,ext-device.sindoh.timeout.session.mins
3006,logo.png,1736320642596,Y,ext-device.sindoh.browser.custom-logo-filename
3006,Y,1736320642594,Y,ext-device.sindoh.scan.additional-pages.checkbox.checked
3006,DEFAULT,1736320642596,Y,ext-device.sindoh.delete-job-on-insufficient-credit
3006,DEFAULT,1736320642591,Y,ext-device.sindoh.delete-session.batch-size
3006,DEFAULT,1736320642589,Y,ext-device.sindoh.password-button.label
3006,DEFAULT,1736320642592,Y,ext-device.sindoh.allow-third-party-pullprint-apps
3006,"30",1736320642590,Y,ext-device.sindoh.timeout.scan-prompt-send.secs
3006,DEFAULT,1736320642589,Y,ext-device.sindoh.app-button.title
3006,DEFAULT,1736320642592,Y,ext-device.sindoh.allow-third-party-scan-apps
3006,DEFAULT,1736320642591,Y,ext-device.sindoh.device-type-a4
3006,DEFAULT,1736320642593,Y,ext-device.sindoh.browser.header-color
3006,DEFAULT,1736320642590,Y,ext-device.sindoh.limit-device-function.zero-balance
3006,Y,1736320642575,Y,ext-device.integration.enabled
3006,DEFAULT,1736320642587,Y,ext-device.sindoh.login.prioritise-card
3006,"50003",1736320642582,Y,ext-device.sindoh.openapi.sslport
3006,DEFAULT,1736320642591,Y,ext-device.sindoh.elastic-balance
3006,Y,1736320642586,Y,ext-device.sindoh.login.show-account-code
3006,DEFAULT,1736320642589,Y,ext-device.sindoh.app-release.title
3006,Y,1736320642594,Y,ext-device.sindoh.browser.show-logout-button
3006,"60",1736320642586,Y,ext-device.sindoh.period.error
3006,"",1736320642584,Y,ext-device.sindoh.openapi.password
3006,DEFAULT,1736320642592,Y,ext-device.sindoh.accounts.initial-tab
1003,"1736262000000,2,0,0,0,0,0,0,0,0,0,0,0,0,1,0,0,0,0,0,0,0,0,0,0,0,0,0,0,0,0,0,2",1736320771778,N,stats.rolling-day.pages
3006,DEFAULT,1736320642589,Y,ext-device.sindoh.login-confirmation-message
3006,N,1736320642594,Y,ext-device.sindoh.browser.show-hostname
3006,Y,1736320642594,Y,ext-device.sindoh.browser.show-back-button
3006,DEFAULT,1736320642591,Y,ext-device.sindoh.auth.public-setting
3006,Y,1736320642587,Y,ext-device.sindoh.login.allow-account-list
3006,DEFAULT,1736320642594,Y,ext-device.sindoh.browser.chromium.popup-keyboard
3006,"300",1736320642586,Y,ext-device.sindoh.period.ping
3006,DEFAULT,1736320642592,Y,ext-device.sindoh.internal-error-handling.enabled
3006,Y,1736320642592,Y,ext-device.sindoh.login.show-release
3006,N,1736320642587,Y,ext-device.sindoh.login.host-based-authentication.enabled
3006,Y,1736320642594,Y,ext-device.sindoh.login.enable-auto-submit
3006,DEFAULT,1736320642591,Y,ext-device.sindoh.card-decode-scheme
3006,"2",1736320642586,Y,ext-device.sindoh.period.url-change-retry
3006,"",1736320642584,Y,ext-device.sindoh.openapi.username
3006,DEFAULT,1736320642592,Y,ext-device.sindoh.release.list-format
3006,DEFAULT,1736320642595,Y,ext-device.sindoh.browser.show-sha1-message
3006,DEFAULT,1736320642581,Y,ext-device.sindoh.message.welcome.line1
3006,"300",1736320642586,Y,ext-device.sindoh.period.fatal
3006,DEFAULT,1736320642582,Y,ext-device.sindoh.message.welcome.line2
3006,N,1736320642588,Y,ext-device.sindoh.skip-setup
3006,DEFAULT,1736320642593,Y,ext-device.sindoh.browser.header-text-color
3006,DEFAULT,1736320642596,Y,ext-device.sindoh.browser.device-function-button.title
3006,N,1736320642587,Y,ext-device.sindoh.restricted.allow-multiple-login
3006,"60",1736320642590,Y,ext-device.sindoh.login.max-session-age-days
3006,DEFAULT,1736320642595,Y,ext-device.sindoh.browser.scanning-merge-pdf
3006,"0",1736320642593,Y,ext-device.sindoh.browser.screen-height
3006,DEFAULT,1736320642578,Y,ext-device.sindoh.force-app-registration
3006,DEFAULT,1736320642584,Y,ext-device.sindoh.appno.auto-registering
3006,DEFAULT,1736320642589,Y,ext-device.sindoh.username-button.label
3006,DEFAULT,1736320642591,Y,ext-device.sindoh.enable.screen-logout-button
3006,DEFAULT,1736320642595,Y,ext-device.sindoh.browser.scanning-merge-tiff
3006,"60",1736320642593,Y,ext-device.sindoh.browser.connection-timeout.secs
3006,DEFAULT,1736320642590,Y,ext-device.sindoh.logs.track-partial-jobs
3006,[a-zA-Z0-9]+,1736320642588,Y,ext-device.sindoh.keyboard-card-decoder-regx
3006,N,1736320642587,Y,ext-device.sindoh.login.show-account-search
3006,N,1736320642580,Y,ext-device.sindoh.logout-before-app-registration
3006,DEFAULT,1736320642595,Y,ext-device.sindoh.browser.suppress-home-screen
3006,DEFAULT,1736320642589,Y,ext-device.sindoh.id-number-button.label
3006,DEFAULT,1736320642588,Y,ext-device.sindoh.display-balance
3006,"29000",1736320642590,Y,ext-device.sindoh.login.max-stored-sessions
3006,"0",1736320642593,Y,ext-device.sindoh.browser.screen-width
3006,Y,1736320642592,Y,ext-device.show-account-confirmation
3006,N,1736320642589,Y,ext-device.sindoh.compatibility-mode
3006,Y,1736320642594,Y,ext-device.sindoh.scan.prompt.checkbox.checked
3006,N,1736320642587,Y,ext-device.sindoh.login.host-based.enabled
3006,DEFAULT,1736320642588,Y,ext-device.sindoh.timeout.escrow.mins
3006,DEFAULT,1736320642582,Y,ext-device.sindoh.auth.screen.title
3006,N,1736320642586,Y,ext-device.sindoh.login.show-user-list
3006,DEFAULT,1736320642594,Y,ext-device.sindoh.browser.enable-fast-login-flow
3006,DEFAULT,1736320642595,Y,ext-device.sindoh.browser.scanning-compact-pdf
3006,"50001",1736320642583,Y,ext-device.sindoh.openapi.non-sslport
3006,DEFAULT,1736320642587,Y,ext-device.sindoh.locale
3006,N,1736320642592,Y,ext-device.sindoh.use-high-security-port
3006,DEFAULT,1736320642590,Y,ext-device.sindoh.keep-device-settings
3006,Y,1736320642592,Y,ext-device.sindoh.release.show-cost
3006,DEFAULT,1736320642590,Y,ext-device.sindoh.custom-my-panel
3006,DEFAULT,1736320642590,Y,ext-device.sindoh.login.delete-sessions-on-register
3006,DEFAULT,1736320642594,Y,ext-device.sindoh.guest-access.label
3006,DEFAULT,1736320642593,Y,ext-device.sindoh.browser.header-image-color
3006,DEFAULT,1736320642588,Y,ext-device.sindoh.card-decoder-force-mode
3006,"0",1736320642588,Y,ext-device.sindoh.card-decoder-hid
3006,DEFAULT,1736320642589,Y,ext-device.sindoh.keyboard-adaptive
3006,DEFAULT,1736320642581,Y,ext-device.sindoh.logout-on-network-reader-swipe
3006,DEFAULT,1736320642589,Y,ext-device.sindoh.app-scan.title
3006,DEFAULT,1736320642590,Y,ext-device.sindoh.logs.accept-after-logout.mins
3006,Y,1736320642583,Y,ext-device.sindoh.openapi.ssl.enabled
3006,DEFAULT,1736320642591,Y,ext-device.sindoh.user-auth.auto-override
3006,DEFAULT,1736320642592,Y,ext-device.sindoh.internal-error-handling.message
3006,Y,1736320642595,Y,ext-device.sindoh.browser.enabled
3006,DEFAULT,1736320642590,Y,ext-device.sindoh.appno.auto-overwrite
3006,N,1736320642593,Y,ext-device.sindoh.browser.show-status-bar
3006,N,1736320643459,Y,ext-device.sindoh.avoid-additional-media-info
3006,e8b92720767dada50b41698106cbdbc065b9306d8e31d9bc932fe822e593f055,1736320652064,N,ext-device.sindoh.device-config-state
