1001,SHARED,!!template account!!,0,N,0,"",Y,"",N,,2024-12-08 17:14:19.308,[setup wizard],2024-12-08 17:14:19.308,[setup wizard],,!!template account!!,"","",N,,COMMENT_OPTIONAL,USER_CHOICE_ON,"",1733645659308
1002,USER,test4,0,N,0,"",Y,"",N,,2024-12-08 17:14:22.656,[setup wizard],2024-12-08 17:14:23.321,[setup wizard],,test4,"","",N,,COMMENT_OPTIONAL,USER_CHOICE_ON,"",1733645663321
1003,USER,test2,0,N,0,"",Y,"",N,,2024-12-08 17:14:22.807,[setup wizard],2024-12-08 17:14:23.378,[setup wizard],,test2,"","",N,,COMMENT_OPTIONAL,USER_CHOICE_ON,"",1733645663378
1005,USER,test3,0,N,0,"",Y,"",N,,2024-12-08 17:14:22.844,[setup wizard],2024-12-08 17:14:23.416,[setup wizard],,test3,"","",N,,COMMENT_OPTIONAL,USER_CHOICE_ON,"",1733645663416
1006,USER,papercut,0,N,0,"",Y,"",N,,2024-12-08 17:14:22.856,[setup wizard],2024-12-08 17:14:23.433,[setup wizard],,papercut,"","",N,,COMMENT_OPTIONAL,USER_CHOICE_ON,"",1733645663433
1007,USER,interactive,0,N,0,"",Y,"",N,,2024-12-08 17:14:22.873,[setup wizard],2024-12-08 17:14:23.447,[setup wizard],,interactive,"","",N,,COMMENT_OPTIONAL,USER_CHOICE_ON,"",1733645663447
1008,USER,renaiss,0,N,0,"",Y,"",N,,2024-12-08 17:14:22.879,[setup wizard],2024-12-08 17:14:23.466,[setup wizard],,renaiss,"","",N,,COMMENT_OPTIONAL,USER_CHOICE_ON,"",1733645663466
1009,USER,authenticated users,0,N,0,"",Y,"",N,,2024-12-08 17:14:22.892,[setup wizard],2024-12-08 17:14:23.502,[setup wizard],,authenticated users,"","",N,,COMMENT_OPTIONAL,USER_CHOICE_ON,"",1733645663502
1010,USER,nx,0,N,0,"",Y,"",N,,2024-12-08 17:14:22.903,[setup wizard],2024-12-08 17:14:23.537,[setup wizard],,nx,"","",N,,COMMENT_OPTIONAL,USER_CHOICE_ON,"",1733645663537
1011,USER,test1,0,N,0,"",Y,"",N,,2024-12-08 17:14:22.917,[setup wizard],2024-12-08 17:14:23.568,[setup wizard],,test1,"","",N,,COMMENT_OPTIONAL,USER_CHOICE_ON,"",1733645663568
1012,USER,system,0,N,0,"",Y,"",N,,2024-12-08 19:13:50.354,[system] (print),2024-12-08 19:13:50.742,[system] (print),,system,"","",N,,COMMENT_OPTIONAL,USER_CHOICE_ON,"",1733652830742
2100,USER,d140295,0,N,0,"",Y,"",Y,2024-12-15 16:33:26.294,2024-12-15 15:24:26.832,[system] (api),2024-12-15 16:33:26.295,[system] (api),,d140295,"","",N,,COMMENT_OPTIONAL,USER_CHOICE_ON,"",1734248006295
2002,USER,d000019,0,N,0,"",Y,"",Y,2024-12-15 16:30:35.576,2024-12-15 15:21:31.653,[system] (api),2024-12-15 16:30:35.581,[system] (api),,d000019,"","",N,,COMMENT_OPTIONAL,USER_CHOICE_ON,"",1734247835581
2003,USER,d000124,0,N,0,"",Y,"",Y,2024-12-15 16:30:37.374,2024-12-15 15:21:33.499,[system] (api),2024-12-15 16:30:37.377,[system] (api),,d000124,"","",N,,COMMENT_OPTIONAL,USER_CHOICE_ON,"",1734247837377
2004,USER,d000132,0,N,0,"",Y,"",Y,2024-12-15 16:30:39.092,2024-12-15 15:21:35.25,[system] (api),2024-12-15 16:30:39.093,[system] (api),,d000132,"","",N,,COMMENT_OPTIONAL,USER_CHOICE_ON,"",1734247839093
2005,USER,d000159,0,N,0,"",Y,"",Y,2024-12-15 16:30:40.833,2024-12-15 15:21:37.038,[system] (api),2024-12-15 16:30:40.834,[system] (api),,d000159,"","",N,,COMMENT_OPTIONAL,USER_CHOICE_ON,"",1734247840834
2006,USER,d000183,0,N,0,"",Y,"",Y,2024-12-15 16:30:42.554,2024-12-15 15:21:38.833,[system] (api),2024-12-15 16:30:42.554,[system] (api),,d000183,"","",N,,COMMENT_OPTIONAL,USER_CHOICE_ON,"",1734247842554
2007,USER,d000191,0,N,0,"",Y,"",Y,2024-12-15 16:30:44.284,2024-12-15 15:21:40.611,[system] (api),2024-12-15 16:30:44.285,[system] (api),,d000191,"","",N,,COMMENT_OPTIONAL,USER_CHOICE_ON,"",1734247844285
2008,USER,d000213,0,N,0,"",Y,"",Y,2024-12-15 16:30:46.019,2024-12-15 15:21:42.383,[system] (api),2024-12-15 16:30:46.02,[system] (api),,d000213,"","",N,,COMMENT_OPTIONAL,USER_CHOICE_ON,"",1734247846020
2009,USER,d000221,0,N,0,"",Y,"",Y,2024-12-15 16:30:47.764,2024-12-15 15:21:44.221,[system] (api),2024-12-15 16:30:47.764,[system] (api),,d000221,"","",N,,COMMENT_OPTIONAL,USER_CHOICE_ON,"",1734247847764
2010,USER,d000248,0,N,0,"",Y,"",Y,2024-12-15 16:30:49.524,2024-12-15 15:21:46.08,[system] (api),2024-12-15 16:30:49.525,[system] (api),,d000248,"","",N,,COMMENT_OPTIONAL,USER_CHOICE_ON,"",1734247849525
2011,USER,d000272,0,N,0,"",Y,"",Y,2024-12-15 16:30:51.244,2024-12-15 15:21:47.829,[system] (api),2024-12-15 16:30:51.245,[system] (api),,d000272,"","",N,,COMMENT_OPTIONAL,USER_CHOICE_ON,"",1734247851245
2012,USER,d000337,0,N,0,"",Y,"",Y,2024-12-15 16:30:52.957,2024-12-15 15:21:49.594,[system] (api),2024-12-15 16:30:52.957,[system] (api),,d000337,"","",N,,COMMENT_OPTIONAL,USER_CHOICE_ON,"",1734247852957
2013,USER,d000345,0,N,0,"",Y,"",Y,2024-12-15 16:30:54.687,2024-12-15 15:21:51.392,[system] (api),2024-12-15 16:30:54.687,[system] (api),,d000345,"","",N,,COMMENT_OPTIONAL,USER_CHOICE_ON,"",1734247854687
2014,USER,d000353,0,N,0,"",Y,"",Y,2024-12-15 16:30:56.71,2024-12-15 15:21:53.191,[system] (api),2024-12-15 16:30:56.715,[system] (api),,d000353,"","",N,,COMMENT_OPTIONAL,USER_CHOICE_ON,"",1734247856715
2015,USER,d000426,0,N,0,"",Y,"",Y,2024-12-15 16:30:58.566,2024-12-15 15:21:55.072,[system] (api),2024-12-15 16:30:58.568,[system] (api),,d000426,"","",N,,COMMENT_OPTIONAL,USER_CHOICE_ON,"",1734247858568
2016,USER,d000434,0,N,0,"",Y,"",Y,2024-12-15 16:31:00.336,2024-12-15 15:21:56.922,[system] (api),2024-12-15 16:31:00.337,[system] (api),,d000434,"","",N,,COMMENT_OPTIONAL,USER_CHOICE_ON,"",1734247860337
2017,USER,d000469,0,N,0,"",Y,"",Y,2024-12-15 16:31:02.182,2024-12-15 15:21:58.682,[system] (api),2024-12-15 16:31:02.183,[system] (api),,d000469,"","",N,,COMMENT_OPTIONAL,USER_CHOICE_ON,"",1734247862183
2018,USER,d000493,0,N,0,"",Y,"",Y,2024-12-15 16:31:03.983,2024-12-15 15:22:00.452,[system] (api),2024-12-15 16:31:03.984,[system] (api),,d000493,"","",N,,COMMENT_OPTIONAL,USER_CHOICE_ON,"",1734247863984
2019,USER,d000507,0,N,0,"",Y,"",Y,2024-12-15 16:31:05.796,2024-12-15 15:22:02.233,[system] (api),2024-12-15 16:31:05.797,[system] (api),,d000507,"","",N,,COMMENT_OPTIONAL,USER_CHOICE_ON,"",1734247865797
2020,USER,d000523,0,N,0,"",Y,"",Y,2024-12-15 16:31:07.628,2024-12-15 15:22:03.992,[system] (api),2024-12-15 16:31:07.63,[system] (api),,d000523,"","",N,,COMMENT_OPTIONAL,USER_CHOICE_ON,"",1734247867630
2021,USER,d000574,0,N,0,"",Y,"",Y,2024-12-15 16:31:09.343,2024-12-15 15:22:05.754,[system] (api),2024-12-15 16:31:09.344,[system] (api),,d000574,"","",N,,COMMENT_OPTIONAL,USER_CHOICE_ON,"",1734247869344
2023,USER,d010065,0,N,0,"",Y,"",Y,2024-12-15 16:31:12.776,2024-12-15 15:22:09.261,[system] (api),2024-12-15 16:31:12.777,[system] (api),,d010065,"","",N,,COMMENT_OPTIONAL,USER_CHOICE_ON,"",1734247872777
2024,USER,d010073,0,N,0,"",Y,"",Y,2024-12-15 16:31:14.542,2024-12-15 15:22:11.013,[system] (api),2024-12-15 16:31:14.543,[system] (api),,d010073,"","",N,,COMMENT_OPTIONAL,USER_CHOICE_ON,"",1734247874543
2025,USER,d010103,0,N,0,"",Y,"",Y,2024-12-15 16:31:16.264,2024-12-15 15:22:12.811,[system] (api),2024-12-15 16:31:16.265,[system] (api),,d010103,"","",N,,COMMENT_OPTIONAL,USER_CHOICE_ON,"",1734247876265
2026,USER,d010111,0,N,0,"",Y,"",Y,2024-12-15 16:31:18.025,2024-12-15 15:22:14.607,[system] (api),2024-12-15 16:31:18.025,[system] (api),,d010111,"","",N,,COMMENT_OPTIONAL,USER_CHOICE_ON,"",1734247878025
2027,USER,d010138,0,N,0,"",Y,"",Y,2024-12-15 16:31:19.735,2024-12-15 15:22:16.412,[system] (api),2024-12-15 16:31:19.737,[system] (api),,d010138,"","",N,,COMMENT_OPTIONAL,USER_CHOICE_ON,"",1734247879737
2028,USER,d010219,0,N,0,"",Y,"",Y,2024-12-15 16:31:21.442,2024-12-15 15:22:18.195,[system] (api),2024-12-15 16:31:21.442,[system] (api),,d010219,"","",N,,COMMENT_OPTIONAL,USER_CHOICE_ON,"",1734247881442
2086,USER,d130109,0,N,0,"",Y,"",Y,2024-12-15 16:33:02.066,2024-12-15 15:24:01.921,[system] (api),2024-12-15 16:33:02.068,[system] (api),,d130109,"","",N,,COMMENT_OPTIONAL,USER_CHOICE_ON,"",1734247982068
2030,USER,d020095,0,N,0,"",Y,"",Y,2024-12-15 16:31:24.87,2024-12-15 15:22:21.725,[system] (api),2024-12-15 16:31:24.871,[system] (api),,d020095,"","",N,,COMMENT_OPTIONAL,USER_CHOICE_ON,"",1734247884871
2031,USER,d020133,0,N,0,"",Y,"",Y,2024-12-15 16:31:26.584,2024-12-15 15:22:23.49,[system] (api),2024-12-15 16:31:26.585,[system] (api),,d020133,"","",N,,COMMENT_OPTIONAL,USER_CHOICE_ON,"",1734247886585
2032,USER,d020192,0,N,0,"",Y,"",Y,2024-12-15 16:31:28.259,2024-12-15 15:22:25.267,[system] (api),2024-12-15 16:31:28.259,[system] (api),,d020192,"","",N,,COMMENT_OPTIONAL,USER_CHOICE_ON,"",1734247888259
2033,USER,d020257,0,N,0,"",Y,"",Y,2024-12-15 16:31:29.997,2024-12-15 15:22:27.101,[system] (api),2024-12-15 16:31:29.998,[system] (api),,d020257,"","",N,,COMMENT_OPTIONAL,USER_CHOICE_ON,"",1734247889998
2034,USER,d020265,0,N,0,"",Y,"",Y,2024-12-15 16:31:31.756,2024-12-15 15:22:28.841,[system] (api),2024-12-15 16:31:31.757,[system] (api),,d020265,"","",N,,COMMENT_OPTIONAL,USER_CHOICE_ON,"",1734247891757
2035,USER,d020273,0,N,0,"",Y,"",Y,2024-12-15 16:31:33.552,2024-12-15 15:22:30.621,[system] (api),2024-12-15 16:31:33.552,[system] (api),,d020273,"","",N,,COMMENT_OPTIONAL,USER_CHOICE_ON,"",1734247893552
2036,USER,d020311,0,N,0,"",Y,"",Y,2024-12-15 16:31:35.251,2024-12-15 15:22:32.361,[system] (api),2024-12-15 16:31:35.251,[system] (api),,d020311,"","",N,,COMMENT_OPTIONAL,USER_CHOICE_ON,"",1734247895251
2037,USER,d030112,0,N,0,"",Y,"",Y,2024-12-15 16:31:36.986,2024-12-15 15:22:34.097,[system] (api),2024-12-15 16:31:36.987,[system] (api),,d030112,"","",N,,COMMENT_OPTIONAL,USER_CHOICE_ON,"",1734247896987
2038,USER,d030121,0,N,0,"",Y,"",Y,2024-12-15 16:31:38.732,2024-12-15 15:22:35.92,[system] (api),2024-12-15 16:31:38.732,[system] (api),,d030121,"","",N,,COMMENT_OPTIONAL,USER_CHOICE_ON,"",1734247898732
2039,USER,d050113,0,N,0,"",Y,"",Y,2024-12-15 16:31:40.451,2024-12-15 15:22:37.685,[system] (api),2024-12-15 16:31:40.451,[system] (api),,d050113,"","",N,,COMMENT_OPTIONAL,USER_CHOICE_ON,"",1734247900451
2040,USER,d050130,0,N,0,"",Y,"",Y,2024-12-15 16:31:42.185,2024-12-15 15:22:39.431,[system] (api),2024-12-15 16:31:42.187,[system] (api),,d050130,"","",N,,COMMENT_OPTIONAL,USER_CHOICE_ON,"",1734247902187
2041,USER,d050164,0,N,0,"",Y,"",Y,2024-12-15 16:31:43.941,2024-12-15 15:22:41.234,[system] (api),2024-12-15 16:31:43.942,[system] (api),,d050164,"","",N,,COMMENT_OPTIONAL,USER_CHOICE_ON,"",1734247903942
2042,USER,d060038,0,N,0,"",Y,"",Y,2024-12-15 16:31:45.699,2024-12-15 15:22:42.962,[system] (api),2024-12-15 16:31:45.699,[system] (api),,d060038,"","",N,,COMMENT_OPTIONAL,USER_CHOICE_ON,"",1734247905699
2043,USER,d060054,0,N,0,"",Y,"",Y,2024-12-15 16:31:47.444,2024-12-15 15:22:44.737,[system] (api),2024-12-15 16:31:47.444,[system] (api),,d060054,"","",N,,COMMENT_OPTIONAL,USER_CHOICE_ON,"",1734247907444
2044,USER,d060151,0,N,0,"",Y,"",Y,2024-12-15 16:31:49.211,2024-12-15 15:22:46.728,[system] (api),2024-12-15 16:31:49.212,[system] (api),,d060151,"","",N,,COMMENT_OPTIONAL,USER_CHOICE_ON,"",1734247909212
2045,USER,d060178,0,N,0,"",Y,"",Y,2024-12-15 16:31:50.953,2024-12-15 15:22:48.555,[system] (api),2024-12-15 16:31:50.953,[system] (api),,d060178,"","",N,,COMMENT_OPTIONAL,USER_CHOICE_ON,"",1734247910953
2046,USER,d060208,0,N,0,"",Y,"",Y,2024-12-15 16:31:52.669,2024-12-15 15:22:50.388,[system] (api),2024-12-15 16:31:52.67,[system] (api),,d060208,"","",N,,COMMENT_OPTIONAL,USER_CHOICE_ON,"",1734247912670
2047,USER,d060224,0,N,0,"",Y,"",Y,2024-12-15 16:31:54.373,2024-12-15 15:22:52.238,[system] (api),2024-12-15 16:31:54.375,[system] (api),,d060224,"","",N,,COMMENT_OPTIONAL,USER_CHOICE_ON,"",1734247914375
2048,USER,d060232,0,N,0,"",Y,"",Y,2024-12-15 16:31:56.133,2024-12-15 15:22:54.177,[system] (api),2024-12-15 16:31:56.133,[system] (api),,d060232,"","",N,,COMMENT_OPTIONAL,USER_CHOICE_ON,"",1734247916133
2049,USER,d060259,0,N,0,"",Y,"",Y,2024-12-15 16:31:57.872,2024-12-15 15:22:55.943,[system] (api),2024-12-15 16:31:57.873,[system] (api),,d060259,"","",N,,COMMENT_OPTIONAL,USER_CHOICE_ON,"",1734247917873
2050,USER,d070033,0,N,0,"",Y,"",Y,2024-12-15 16:31:59.552,2024-12-15 15:22:57.757,[system] (api),2024-12-15 16:31:59.553,[system] (api),,d070033,"","",N,,COMMENT_OPTIONAL,USER_CHOICE_ON,"",1734247919553
2052,USER,d070050,0,N,0,"",Y,"",Y,2024-12-15 16:32:03.058,2024-12-15 15:23:01.357,[system] (api),2024-12-15 16:32:03.059,[system] (api),,d070050,"","",N,,COMMENT_OPTIONAL,USER_CHOICE_ON,"",1734247923059
2053,USER,d070181,0,N,0,"",Y,"",Y,2024-12-15 16:32:04.809,2024-12-15 15:23:03.161,[system] (api),2024-12-15 16:32:04.809,[system] (api),,d070181,"","",N,,COMMENT_OPTIONAL,USER_CHOICE_ON,"",1734247924809
2054,USER,d070246,0,N,0,"",Y,"",Y,2024-12-15 16:32:06.525,2024-12-15 15:23:04.88,[system] (api),2024-12-15 16:32:06.525,[system] (api),,d070246,"","",N,,COMMENT_OPTIONAL,USER_CHOICE_ON,"",1734247926525
2055,USER,d070262,0,N,0,"",Y,"",Y,2024-12-15 16:32:08.214,2024-12-15 15:23:06.667,[system] (api),2024-12-15 16:32:08.215,[system] (api),,d070262,"","",N,,COMMENT_OPTIONAL,USER_CHOICE_ON,"",1734247928215
2056,USER,d070271,0,N,0,"",Y,"",Y,2024-12-15 16:32:10,2024-12-15 15:23:08.459,[system] (api),2024-12-15 16:32:10,[system] (api),,d070271,"","",N,,COMMENT_OPTIONAL,USER_CHOICE_ON,"",1734247930000
2057,USER,d070301,0,N,0,"",Y,"",Y,2024-12-15 16:32:11.726,2024-12-15 15:23:10.263,[system] (api),2024-12-15 16:32:11.726,[system] (api),,d070301,"","",N,,COMMENT_OPTIONAL,USER_CHOICE_ON,"",1734247931726
2058,USER,d070343,0,N,0,"",Y,"",Y,2024-12-15 16:32:13.467,2024-12-15 15:23:12.117,[system] (api),2024-12-15 16:32:13.468,[system] (api),,d070343,"","",N,,COMMENT_OPTIONAL,USER_CHOICE_ON,"",1734247933468
2059,USER,d070351,0,N,0,"",Y,"",Y,2024-12-15 16:32:15.227,2024-12-15 15:23:13.942,[system] (api),2024-12-15 16:32:15.227,[system] (api),,d070351,"","",N,,COMMENT_OPTIONAL,USER_CHOICE_ON,"",1734247935227
2060,USER,d070394,0,N,0,"",Y,"",Y,2024-12-15 16:32:17.051,2024-12-15 15:23:15.72,[system] (api),2024-12-15 16:32:17.052,[system] (api),,d070394,"","",N,,COMMENT_OPTIONAL,USER_CHOICE_ON,"",1734247937052
2061,USER,d080080,0,N,0,"",Y,"",Y,2024-12-15 16:32:18.746,2024-12-15 15:23:17.515,[system] (api),2024-12-15 16:32:18.746,[system] (api),,d080080,"","",N,,COMMENT_OPTIONAL,USER_CHOICE_ON,"",1734247938746
2062,USER,d080110,0,N,0,"",Y,"",Y,2024-12-15 16:32:20.502,2024-12-15 15:23:19.263,[system] (api),2024-12-15 16:32:20.502,[system] (api),,d080110,"","",N,,COMMENT_OPTIONAL,USER_CHOICE_ON,"",1734247940502
2063,USER,d080179,0,N,0,"",Y,"",Y,2024-12-15 16:32:22.212,2024-12-15 15:23:21.067,[system] (api),2024-12-15 16:32:22.212,[system] (api),,d080179,"","",N,,COMMENT_OPTIONAL,USER_CHOICE_ON,"",1734247942212
2064,USER,d080268,0,N,0,"",Y,"",Y,2024-12-15 16:32:23.938,2024-12-15 15:23:22.857,[system] (api),2024-12-15 16:32:23.938,[system] (api),,d080268,"","",N,,COMMENT_OPTIONAL,USER_CHOICE_ON,"",1734247943938
2065,USER,d090069,0,N,0,"",Y,"",Y,2024-12-15 16:32:25.626,2024-12-15 15:23:24.596,[system] (api),2024-12-15 16:32:25.626,[system] (api),,d090069,"","",N,,COMMENT_OPTIONAL,USER_CHOICE_ON,"",1734247945626
2066,USER,d100013,0,N,0,"",Y,"",Y,2024-12-15 16:32:27.35,2024-12-15 15:23:26.381,[system] (api),2024-12-15 16:32:27.35,[system] (api),,d100013,"","",N,,COMMENT_OPTIONAL,USER_CHOICE_ON,"",1734247947350
2067,USER,d100099,0,N,0,"",Y,"",Y,2024-12-15 16:32:29.081,2024-12-15 15:23:28.146,[system] (api),2024-12-15 16:32:29.082,[system] (api),,d100099,"","",N,,COMMENT_OPTIONAL,USER_CHOICE_ON,"",1734247949082
2087,USER,d140023,0,N,0,"",Y,"",Y,2024-12-15 16:33:03.759,2024-12-15 15:24:03.649,[system] (api),2024-12-15 16:33:03.76,[system] (api),,d140023,"","",N,,COMMENT_OPTIONAL,USER_CHOICE_ON,"",1734247983760
2088,USER,d140040,0,N,0,"",Y,"",Y,2024-12-15 16:33:05.474,2024-12-15 15:24:05.449,[system] (api),2024-12-15 16:33:05.475,[system] (api),,d140040,"","",N,,COMMENT_OPTIONAL,USER_CHOICE_ON,"",1734247985475
2069,USER,d120014,0,N,0,"",Y,"",Y,2024-12-15 16:32:32.575,2024-12-15 15:23:31.702,[system] (api),2024-12-15 16:32:32.579,[system] (api),,d120014,"","",N,,COMMENT_OPTIONAL,USER_CHOICE_ON,"",1734247952579
2089,USER,d140058,0,N,0,"",Y,"",Y,2024-12-15 16:33:07.233,2024-12-15 15:24:07.256,[system] (api),2024-12-15 16:33:07.233,[system] (api),,d140058,"","",N,,COMMENT_OPTIONAL,USER_CHOICE_ON,"",1734247987233
2090,USER,d140112,0,N,0,"",Y,"",Y,2024-12-15 16:33:09.035,2024-12-15 15:24:09.034,[system] (api),2024-12-15 16:33:09.036,[system] (api),,d140112,"","",N,,COMMENT_OPTIONAL,USER_CHOICE_ON,"",1734247989036
2070,USER,d120022,0,N,0,"",Y,"",Y,2024-12-15 16:32:34.274,2024-12-15 15:23:33.475,[system] (api),2024-12-15 16:32:34.276,[system] (api),,d120022,"","",N,,COMMENT_OPTIONAL,USER_CHOICE_ON,"",1734247954276
2091,USER,d140121,0,N,0,"",Y,"",Y,2024-12-15 16:33:10.767,2024-12-15 15:24:10.798,[system] (api),2024-12-15 16:33:10.768,[system] (api),,d140121,"","",N,,COMMENT_OPTIONAL,USER_CHOICE_ON,"",1734247990768
2092,USER,d140139,0,N,0,"",Y,"",Y,2024-12-15 16:33:12.496,2024-12-15 15:24:12.627,[system] (api),2024-12-15 16:33:12.496,[system] (api),,d140139,"","",N,,COMMENT_OPTIONAL,USER_CHOICE_ON,"",1734247992496
2071,USER,d120049,0,N,0,"",Y,"",Y,2024-12-15 16:32:36.014,2024-12-15 15:23:35.294,[system] (api),2024-12-15 16:32:36.015,[system] (api),,d120049,"","",N,,COMMENT_OPTIONAL,USER_CHOICE_ON,"",1734247956015
2093,USER,d140163,0,N,0,"",Y,"",Y,2024-12-15 16:33:14.209,2024-12-15 15:24:14.468,[system] (api),2024-12-15 16:33:14.211,[system] (api),,d140163,"","",N,,COMMENT_OPTIONAL,USER_CHOICE_ON,"",1734247994211
2094,USER,d140171,0,N,0,"",Y,"",Y,2024-12-15 16:33:15.909,2024-12-15 15:24:16.246,[system] (api),2024-12-15 16:33:15.91,[system] (api),,d140171,"","",N,,COMMENT_OPTIONAL,USER_CHOICE_ON,"",1734247995910
2072,USER,d120057,0,N,0,"",Y,"",Y,2024-12-15 16:32:37.716,2024-12-15 15:23:37.071,[system] (api),2024-12-15 16:32:37.717,[system] (api),,d120057,"","",N,,COMMENT_OPTIONAL,USER_CHOICE_ON,"",1734247957717
2095,USER,d140198,0,N,0,"",Y,"",Y,2024-12-15 16:33:17.675,2024-12-15 15:24:18.004,[system] (api),2024-12-15 16:33:17.675,[system] (api),,d140198,"","",N,,COMMENT_OPTIONAL,USER_CHOICE_ON,"",1734247997675
2096,USER,d140201,0,N,0,"",Y,"",Y,2024-12-15 16:33:19.4,2024-12-15 15:24:19.77,[system] (api),2024-12-15 16:33:19.4,[system] (api),,d140201,"","",N,,COMMENT_OPTIONAL,USER_CHOICE_ON,"",1734247999400
2073,USER,d120138,0,N,0,"",Y,"",Y,2024-12-15 16:32:39.434,2024-12-15 15:23:38.835,[system] (api),2024-12-15 16:32:39.435,[system] (api),,d120138,"","",N,,COMMENT_OPTIONAL,USER_CHOICE_ON,"",1734247959435
2097,USER,d140228,0,N,0,"",Y,"",Y,2024-12-15 16:33:21.144,2024-12-15 15:24:21.566,[system] (api),2024-12-15 16:33:21.145,[system] (api),,d140228,"","",N,,COMMENT_OPTIONAL,USER_CHOICE_ON,"",1734248001145
2098,USER,d140236,0,N,0,"",Y,"",Y,2024-12-15 16:33:22.834,2024-12-15 15:24:23.284,[system] (api),2024-12-15 16:33:22.835,[system] (api),,d140236,"","",N,,COMMENT_OPTIONAL,USER_CHOICE_ON,"",1734248002835
2075,USER,d120227,0,N,0,"",Y,"",Y,2024-12-15 16:32:42.939,2024-12-15 15:23:42.402,[system] (api),2024-12-15 16:32:42.939,[system] (api),,d120227,"","",N,,COMMENT_OPTIONAL,USER_CHOICE_ON,"",1734247962939
2099,USER,d140279,0,N,0,"",Y,"",Y,2024-12-15 16:33:24.552,2024-12-15 15:24:25.045,[system] (api),2024-12-15 16:33:24.553,[system] (api),,d140279,"","",N,,COMMENT_OPTIONAL,USER_CHOICE_ON,"",1734248004553
2101,USER,d140309,0,N,0,"",Y,"",Y,2024-12-15 16:33:28.05,2024-12-15 15:24:28.671,[system] (api),2024-12-15 16:33:28.051,[system] (api),,d140309,"","",N,,COMMENT_OPTIONAL,USER_CHOICE_ON,"",1734248008051
2076,USER,d120308,0,N,0,"",Y,"",Y,2024-12-15 16:32:44.652,2024-12-15 15:23:44.184,[system] (api),2024-12-15 16:32:44.652,[system] (api),,d120308,"","",N,,COMMENT_OPTIONAL,USER_CHOICE_ON,"",1734247964652
2102,USER,d140325,0,N,0,"",Y,"",Y,2024-12-15 16:33:29.756,2024-12-15 15:24:30.426,[system] (api),2024-12-15 16:33:29.757,[system] (api),,d140325,"","",N,,COMMENT_OPTIONAL,USER_CHOICE_ON,"",1734248009757
2103,USER,d140333,0,N,0,"",Y,"",Y,2024-12-15 16:33:31.513,2024-12-15 15:24:32.209,[system] (api),2024-12-15 16:33:31.513,[system] (api),,d140333,"","",N,,COMMENT_OPTIONAL,USER_CHOICE_ON,"",1734248011513
2077,USER,d120316,0,N,0,"",Y,"",Y,2024-12-15 16:32:46.385,2024-12-15 15:23:45.946,[system] (api),2024-12-15 16:32:46.385,[system] (api),,d120316,"","",N,,COMMENT_OPTIONAL,USER_CHOICE_ON,"",1734247966385
2104,USER,d140341,0,N,0,"",Y,"",Y,2024-12-15 16:33:33.243,2024-12-15 15:24:34.013,[system] (api),2024-12-15 16:33:33.243,[system] (api),,d140341,"","",N,,COMMENT_OPTIONAL,USER_CHOICE_ON,"",1734248013243
2105,USER,d140350,0,N,0,"",Y,"",Y,2024-12-15 16:33:34.99,2024-12-15 15:24:35.789,[system] (api),2024-12-15 16:33:35.081,[system] (api),,d140350,"","",N,,COMMENT_OPTIONAL,USER_CHOICE_ON,"",1734248015081
2078,USER,d120332,0,N,0,"",Y,"",Y,2024-12-15 16:32:48.101,2024-12-15 15:23:47.709,[system] (api),2024-12-15 16:32:48.102,[system] (api),,d120332,"","",N,,COMMENT_OPTIONAL,USER_CHOICE_ON,"",1734247968102
2079,USER,d130028,0,N,0,"",Y,"",Y,2024-12-15 16:32:49.876,2024-12-15 15:23:49.471,[system] (api),2024-12-15 16:32:49.876,[system] (api),,d130028,"","",N,,COMMENT_OPTIONAL,USER_CHOICE_ON,"",1734247969876
2080,USER,d130044,0,N,0,"",Y,"",Y,2024-12-15 16:32:51.576,2024-12-15 15:23:51.272,[system] (api),2024-12-15 16:32:51.576,[system] (api),,d130044,"","",N,,COMMENT_OPTIONAL,USER_CHOICE_ON,"",1734247971576
2081,USER,d130052,0,N,0,"",Y,"",Y,2024-12-15 16:32:53.257,2024-12-15 15:23:53.034,[system] (api),2024-12-15 16:32:53.257,[system] (api),,d130052,"","",N,,COMMENT_OPTIONAL,USER_CHOICE_ON,"",1734247973257
2082,USER,d130061,0,N,0,"",Y,"",Y,2024-12-15 16:32:54.992,2024-12-15 15:23:54.807,[system] (api),2024-12-15 16:32:54.993,[system] (api),,d130061,"","",N,,COMMENT_OPTIONAL,USER_CHOICE_ON,"",1734247974993
2083,USER,d130079,0,N,0,"",Y,"",Y,2024-12-15 16:32:56.763,2024-12-15 15:23:56.57,[system] (api),2024-12-15 16:32:56.764,[system] (api),,d130079,"","",N,,COMMENT_OPTIONAL,USER_CHOICE_ON,"",1734247976764
2084,USER,d130087,0,N,0,"",Y,"",Y,2024-12-15 16:32:58.5,2024-12-15 15:23:58.358,[system] (api),2024-12-15 16:32:58.501,[system] (api),,d130087,"","",N,,COMMENT_OPTIONAL,USER_CHOICE_ON,"",1734247978501
2085,USER,d130095,0,N,0,"",Y,"",Y,2024-12-15 16:33:00.274,2024-12-15 15:24:00.105,[system] (api),2024-12-15 16:33:00.274,[system] (api),,d130095,"","",N,,COMMENT_OPTIONAL,USER_CHOICE_ON,"",1734247980274
2106,USER,d140368,0,N,0,"",Y,"",Y,2024-12-15 16:33:36.817,2024-12-15 15:24:37.559,[system] (api),2024-12-15 16:33:36.818,[system] (api),,d140368,"","",N,,COMMENT_OPTIONAL,USER_CHOICE_ON,"",1734248016818
2107,USER,d140376,0,N,0,"",Y,"",Y,2024-12-15 16:33:38.556,2024-12-15 15:24:39.34,[system] (api),2024-12-15 16:33:38.557,[system] (api),,d140376,"","",N,,COMMENT_OPTIONAL,USER_CHOICE_ON,"",1734248018557
2108,USER,d140384,0,N,0,"",Y,"",Y,2024-12-15 16:33:40.293,2024-12-15 15:24:41.144,[system] (api),2024-12-15 16:33:40.293,[system] (api),,d140384,"","",N,,COMMENT_OPTIONAL,USER_CHOICE_ON,"",1734248020293
2187,USER,d160814,0,N,0,"",Y,"",Y,2024-12-15 16:35:57.551,2024-12-15 15:27:01.875,[system] (api),2024-12-15 16:35:57.551,[system] (api),,d160814,"","",N,,COMMENT_OPTIONAL,USER_CHOICE_ON,"",1734248157551
2109,USER,d140392,0,N,0,"",Y,"",Y,2024-12-15 16:33:42.01,2024-12-15 15:24:42.898,[system] (api),2024-12-15 16:33:42.011,[system] (api),,d140392,"","",N,,COMMENT_OPTIONAL,USER_CHOICE_ON,"",1734248022011
2303,USER,d140333,0,N,0,"",Y,"",N,,2024-12-15 16:45:03.438,[system] (api),2024-12-15 16:45:03.452,[system] (api),,d140333,"","",N,,COMMENT_OPTIONAL,USER_CHOICE_ON,"",1734248703452
2110,USER,d140406,0,N,0,"",Y,"",Y,2024-12-15 16:33:43.722,2024-12-15 15:24:44.675,[system] (api),2024-12-15 16:33:43.723,[system] (api),,d140406,"","",N,,COMMENT_OPTIONAL,USER_CHOICE_ON,"",1734248023723
2111,USER,d140414,0,N,0,"",Y,"",Y,2024-12-15 16:33:45.428,2024-12-15 15:24:46.445,[system] (api),2024-12-15 16:33:45.428,[system] (api),,d140414,"","",N,,COMMENT_OPTIONAL,USER_CHOICE_ON,"",1734248025428
2112,USER,d140422,0,N,0,"",Y,"",Y,2024-12-15 16:33:47.213,2024-12-15 15:24:48.229,[system] (api),2024-12-15 16:33:47.213,[system] (api),,d140422,"","",N,,COMMENT_OPTIONAL,USER_CHOICE_ON,"",1734248027213
2113,USER,d140449,0,N,0,"",Y,"",Y,2024-12-15 16:33:48.945,2024-12-15 15:24:49.955,[system] (api),2024-12-15 16:33:48.945,[system] (api),,d140449,"","",N,,COMMENT_OPTIONAL,USER_CHOICE_ON,"",1734248028945
2114,USER,d140457,0,N,0,"",Y,"",Y,2024-12-15 16:33:50.667,2024-12-15 15:24:51.714,[system] (api),2024-12-15 16:33:50.667,[system] (api),,d140457,"","",N,,COMMENT_OPTIONAL,USER_CHOICE_ON,"",1734248030667
2115,USER,d140465,0,N,0,"",Y,"",Y,2024-12-15 16:33:52.391,2024-12-15 15:24:53.488,[system] (api),2024-12-15 16:33:52.392,[system] (api),,d140465,"","",N,,COMMENT_OPTIONAL,USER_CHOICE_ON,"",1734248032392
2116,USER,d140481,0,N,0,"",Y,"",Y,2024-12-15 16:33:54.099,2024-12-15 15:24:55.297,[system] (api),2024-12-15 16:33:54.099,[system] (api),,d140481,"","",N,,COMMENT_OPTIONAL,USER_CHOICE_ON,"",1734248034099
2117,USER,d140490,0,N,0,"",Y,"",Y,2024-12-15 16:33:55.817,2024-12-15 15:24:57.099,[system] (api),2024-12-15 16:33:55.817,[system] (api),,d140490,"","",N,,COMMENT_OPTIONAL,USER_CHOICE_ON,"",1734248035817
2118,USER,d140503,0,N,0,"",Y,"",Y,2024-12-15 16:33:57.515,2024-12-15 15:24:58.876,[system] (api),2024-12-15 16:33:57.516,[system] (api),,d140503,"","",N,,COMMENT_OPTIONAL,USER_CHOICE_ON,"",1734248037516
2119,USER,d140511,0,N,0,"",Y,"",Y,2024-12-15 16:33:59.259,2024-12-15 15:25:00.691,[system] (api),2024-12-15 16:33:59.259,[system] (api),,d140511,"","",N,,COMMENT_OPTIONAL,USER_CHOICE_ON,"",1734248039259
2120,USER,d140520,0,N,0,"",Y,"",Y,2024-12-15 16:34:00.981,2024-12-15 15:25:02.508,[system] (api),2024-12-15 16:34:00.982,[system] (api),,d140520,"","",N,,COMMENT_OPTIONAL,USER_CHOICE_ON,"",1734248040982
2121,USER,d140546,0,N,0,"",Y,"",Y,2024-12-15 16:34:02.79,2024-12-15 15:25:04.276,[system] (api),2024-12-15 16:34:02.79,[system] (api),,d140546,"","",N,,COMMENT_OPTIONAL,USER_CHOICE_ON,"",1734248042790
2122,USER,d140554,0,N,0,"",Y,"",Y,2024-12-15 16:34:04.553,2024-12-15 15:25:06.048,[system] (api),2024-12-15 16:34:04.554,[system] (api),,d140554,"","",N,,COMMENT_OPTIONAL,USER_CHOICE_ON,"",1734248044554
2123,USER,d140562,0,N,0,"",Y,"",Y,2024-12-15 16:34:06.327,2024-12-15 15:25:07.807,[system] (api),2024-12-15 16:34:06.328,[system] (api),,d140562,"","",N,,COMMENT_OPTIONAL,USER_CHOICE_ON,"",1734248046328
2124,USER,d140571,0,N,0,"",Y,"",Y,2024-12-15 16:34:08.018,2024-12-15 15:25:09.536,[system] (api),2024-12-15 16:34:08.019,[system] (api),,d140571,"","",N,,COMMENT_OPTIONAL,USER_CHOICE_ON,"",1734248048019
2125,USER,d140589,0,N,0,"",Y,"",Y,2024-12-15 16:34:09.739,2024-12-15 15:25:11.327,[system] (api),2024-12-15 16:34:09.739,[system] (api),,d140589,"","",N,,COMMENT_OPTIONAL,USER_CHOICE_ON,"",1734248049739
2126,USER,d140597,0,N,0,"",Y,"",Y,2024-12-15 16:34:11.436,2024-12-15 15:25:13.154,[system] (api),2024-12-15 16:34:11.436,[system] (api),,d140597,"","",N,,COMMENT_OPTIONAL,USER_CHOICE_ON,"",1734248051436
2127,USER,d150045,0,N,0,"",Y,"",Y,2024-12-15 16:34:13.178,2024-12-15 15:25:14.945,[system] (api),2024-12-15 16:34:13.179,[system] (api),,d150045,"","",N,,COMMENT_OPTIONAL,USER_CHOICE_ON,"",1734248053179
2128,USER,d150088,0,N,0,"",Y,"",Y,2024-12-15 16:34:14.958,2024-12-15 15:25:16.736,[system] (api),2024-12-15 16:34:14.958,[system] (api),,d150088,"","",N,,COMMENT_OPTIONAL,USER_CHOICE_ON,"",1734248054958
2129,USER,d150096,0,N,0,"",Y,"",Y,2024-12-15 16:34:16.71,2024-12-15 15:25:18.498,[system] (api),2024-12-15 16:34:16.711,[system] (api),,d150096,"","",N,,COMMENT_OPTIONAL,USER_CHOICE_ON,"",1734248056711
2131,USER,d150142,0,N,0,"",Y,"",Y,2024-12-15 16:34:20.17,2024-12-15 15:25:21.962,[system] (api),2024-12-15 16:34:20.171,[system] (api),,d150142,"","",N,,COMMENT_OPTIONAL,USER_CHOICE_ON,"",1734248060171
2132,USER,d150177,0,N,0,"",Y,"",Y,2024-12-15 16:34:21.915,2024-12-15 15:25:23.739,[system] (api),2024-12-15 16:34:21.916,[system] (api),,d150177,"","",N,,COMMENT_OPTIONAL,USER_CHOICE_ON,"",1734248061916
2133,USER,d150185,0,N,0,"",Y,"",Y,2024-12-15 16:34:23.619,2024-12-15 15:25:25.522,[system] (api),2024-12-15 16:34:23.62,[system] (api),,d150185,"","",N,,COMMENT_OPTIONAL,USER_CHOICE_ON,"",1734248063620
2134,USER,d150193,0,N,0,"",Y,"",Y,2024-12-15 16:34:25.378,2024-12-15 15:25:27.307,[system] (api),2024-12-15 16:34:25.379,[system] (api),,d150193,"","",N,,COMMENT_OPTIONAL,USER_CHOICE_ON,"",1734248065379
2135,USER,d150215,0,N,0,"",Y,"",Y,2024-12-15 16:34:27.157,2024-12-15 15:25:29.078,[system] (api),2024-12-15 16:34:27.158,[system] (api),,d150215,"","",N,,COMMENT_OPTIONAL,USER_CHOICE_ON,"",1734248067158
2136,USER,d150223,0,N,0,"",Y,"",Y,2024-12-15 16:34:28.929,2024-12-15 15:25:30.823,[system] (api),2024-12-15 16:34:28.93,[system] (api),,d150223,"","",N,,COMMENT_OPTIONAL,USER_CHOICE_ON,"",1734248068930
2137,USER,d150240,0,N,0,"",Y,"",Y,2024-12-15 16:34:30.682,2024-12-15 15:25:32.603,[system] (api),2024-12-15 16:34:30.683,[system] (api),,d150240,"","",N,,COMMENT_OPTIONAL,USER_CHOICE_ON,"",1734248070683
2138,USER,d150266,0,N,0,"",Y,"",Y,2024-12-15 16:34:32.412,2024-12-15 15:25:34.383,[system] (api),2024-12-15 16:34:32.412,[system] (api),,d150266,"","",N,,COMMENT_OPTIONAL,USER_CHOICE_ON,"",1734248072412
2139,USER,d150282,0,N,0,"",Y,"",Y,2024-12-15 16:34:34.144,2024-12-15 15:25:36.135,[system] (api),2024-12-15 16:34:34.144,[system] (api),,d150282,"","",N,,COMMENT_OPTIONAL,USER_CHOICE_ON,"",1734248074144
2140,USER,d150312,0,N,0,"",Y,"",Y,2024-12-15 16:34:35.882,2024-12-15 15:25:37.881,[system] (api),2024-12-15 16:34:35.883,[system] (api),,d150312,"","",N,,COMMENT_OPTIONAL,USER_CHOICE_ON,"",1734248075883
2141,USER,d150321,0,N,0,"",Y,"",Y,2024-12-15 16:34:37.607,2024-12-15 15:25:39.706,[system] (api),2024-12-15 16:34:37.608,[system] (api),,d150321,"","",N,,COMMENT_OPTIONAL,USER_CHOICE_ON,"",1734248077608
2142,USER,d150355,0,N,0,"",Y,"",Y,2024-12-15 16:34:39.381,2024-12-15 15:25:41.504,[system] (api),2024-12-15 16:34:39.382,[system] (api),,d150355,"","",N,,COMMENT_OPTIONAL,USER_CHOICE_ON,"",1734248079382
2143,USER,d150363,0,N,0,"",Y,"",Y,2024-12-15 16:34:41.141,2024-12-15 15:25:43.287,[system] (api),2024-12-15 16:34:41.141,[system] (api),,d150363,"","",N,,COMMENT_OPTIONAL,USER_CHOICE_ON,"",1734248081141
2144,USER,d150371,0,N,0,"",Y,"",Y,2024-12-15 16:34:42.976,2024-12-15 15:25:45.018,[system] (api),2024-12-15 16:34:42.977,[system] (api),,d150371,"","",N,,COMMENT_OPTIONAL,USER_CHOICE_ON,"",1734248082977
2145,USER,d160016,0,N,0,"",Y,"",Y,2024-12-15 16:34:44.682,2024-12-15 15:25:46.799,[system] (api),2024-12-15 16:34:44.682,[system] (api),,d160016,"","",N,,COMMENT_OPTIONAL,USER_CHOICE_ON,"",1734248084682
2146,USER,d160024,0,N,0,"",Y,"",Y,2024-12-15 16:34:46.421,2024-12-15 15:25:48.574,[system] (api),2024-12-15 16:34:46.421,[system] (api),,d160024,"","",N,,COMMENT_OPTIONAL,USER_CHOICE_ON,"",1734248086421
2147,USER,d160032,0,N,0,"",Y,"",Y,2024-12-15 16:34:48.178,2024-12-15 15:25:50.339,[system] (api),2024-12-15 16:34:48.179,[system] (api),,d160032,"","",N,,COMMENT_OPTIONAL,USER_CHOICE_ON,"",1734248088179
2203,USER,d000124,0,N,0,"",Y,"",N,,2024-12-15 16:39:03.685,[system] (api),2024-12-15 16:39:03.697,[system] (api),,d000124,"","",N,,COMMENT_OPTIONAL,USER_CHOICE_ON,"",1734248343697
2149,USER,d160059,0,N,0,"",Y,"",Y,2024-12-15 16:34:51.702,2024-12-15 15:25:53.916,[system] (api),2024-12-15 16:34:51.703,[system] (api),,d160059,"","",N,,COMMENT_OPTIONAL,USER_CHOICE_ON,"",1734248091703
2150,USER,d160067,0,N,0,"",Y,"",Y,2024-12-15 16:34:53.389,2024-12-15 15:25:55.799,[system] (api),2024-12-15 16:34:53.391,[system] (api),,d160067,"","",N,,COMMENT_OPTIONAL,USER_CHOICE_ON,"",1734248093391
2151,USER,d160083,0,N,0,"",Y,"",Y,2024-12-15 16:34:55.094,2024-12-15 15:25:57.68,[system] (api),2024-12-15 16:34:55.094,[system] (api),,d160083,"","",N,,COMMENT_OPTIONAL,USER_CHOICE_ON,"",1734248095094
2152,USER,d160091,0,N,0,"",Y,"",Y,2024-12-15 16:34:56.822,2024-12-15 15:25:59.503,[system] (api),2024-12-15 16:34:56.823,[system] (api),,d160091,"","",N,,COMMENT_OPTIONAL,USER_CHOICE_ON,"",1734248096823
2153,USER,d160105,0,N,0,"",Y,"",Y,2024-12-15 16:34:58.521,2024-12-15 15:26:01.321,[system] (api),2024-12-15 16:34:58.522,[system] (api),,d160105,"","",N,,COMMENT_OPTIONAL,USER_CHOICE_ON,"",1734248098522
2154,USER,d160148,0,N,0,"",Y,"",Y,2024-12-15 16:35:00.247,2024-12-15 15:26:03.076,[system] (api),2024-12-15 16:35:00.251,[system] (api),,d160148,"","",N,,COMMENT_OPTIONAL,USER_CHOICE_ON,"",1734248100251
2155,USER,d160164,0,N,0,"",Y,"",Y,2024-12-15 16:35:02.065,2024-12-15 15:26:04.83,[system] (api),2024-12-15 16:35:02.066,[system] (api),,d160164,"","",N,,COMMENT_OPTIONAL,USER_CHOICE_ON,"",1734248102066
2156,USER,d160211,0,N,0,"",Y,"",Y,2024-12-15 16:35:03.801,2024-12-15 15:26:06.617,[system] (api),2024-12-15 16:35:03.802,[system] (api),,d160211,"","",N,,COMMENT_OPTIONAL,USER_CHOICE_ON,"",1734248103802
2157,USER,d160229,0,N,0,"",Y,"",Y,2024-12-15 16:35:05.576,2024-12-15 15:26:08.428,[system] (api),2024-12-15 16:35:05.577,[system] (api),,d160229,"","",N,,COMMENT_OPTIONAL,USER_CHOICE_ON,"",1734248105577
2158,USER,d160237,0,N,0,"",Y,"",Y,2024-12-15 16:35:07.3,2024-12-15 15:26:10.204,[system] (api),2024-12-15 16:35:07.301,[system] (api),,d160237,"","",N,,COMMENT_OPTIONAL,USER_CHOICE_ON,"",1734248107301
2159,USER,d160318,0,N,0,"",Y,"",Y,2024-12-15 16:35:09.042,2024-12-15 15:26:12.013,[system] (api),2024-12-15 16:35:09.043,[system] (api),,d160318,"","",N,,COMMENT_OPTIONAL,USER_CHOICE_ON,"",1734248109043
2160,USER,d160334,0,N,0,"",Y,"",Y,2024-12-15 16:35:10.771,2024-12-15 15:26:13.751,[system] (api),2024-12-15 16:35:10.771,[system] (api),,d160334,"","",N,,COMMENT_OPTIONAL,USER_CHOICE_ON,"",1734248110771
2161,USER,d160377,0,N,0,"",Y,"",Y,2024-12-15 16:35:12.515,2024-12-15 15:26:15.568,[system] (api),2024-12-15 16:35:12.516,[system] (api),,d160377,"","",N,,COMMENT_OPTIONAL,USER_CHOICE_ON,"",1734248112516
2162,USER,d160385,0,N,0,"",Y,"",Y,2024-12-15 16:35:14.231,2024-12-15 15:26:17.334,[system] (api),2024-12-15 16:35:14.232,[system] (api),,d160385,"","",N,,COMMENT_OPTIONAL,USER_CHOICE_ON,"",1734248114232
2163,USER,d160393,0,N,0,"",Y,"",Y,2024-12-15 16:35:15.954,2024-12-15 15:26:19.085,[system] (api),2024-12-15 16:35:15.955,[system] (api),,d160393,"","",N,,COMMENT_OPTIONAL,USER_CHOICE_ON,"",1734248115955
2164,USER,d160415,0,N,0,"",Y,"",Y,2024-12-15 16:35:17.72,2024-12-15 15:26:20.899,[system] (api),2024-12-15 16:35:17.72,[system] (api),,d160415,"","",N,,COMMENT_OPTIONAL,USER_CHOICE_ON,"",1734248117720
2165,USER,d160423,0,N,0,"",Y,"",Y,2024-12-15 16:35:19.483,2024-12-15 15:26:22.68,[system] (api),2024-12-15 16:35:19.483,[system] (api),,d160423,"","",N,,COMMENT_OPTIONAL,USER_CHOICE_ON,"",1734248119483
2166,USER,d160431,0,N,0,"",Y,"",Y,2024-12-15 16:35:21.231,2024-12-15 15:26:24.456,[system] (api),2024-12-15 16:35:21.232,[system] (api),,d160431,"","",N,,COMMENT_OPTIONAL,USER_CHOICE_ON,"",1734248121232
2167,USER,d160458,0,N,0,"",Y,"",Y,2024-12-15 16:35:22.969,2024-12-15 15:26:26.204,[system] (api),2024-12-15 16:35:22.97,[system] (api),,d160458,"","",N,,COMMENT_OPTIONAL,USER_CHOICE_ON,"",1734248122970
2168,USER,d160491,0,N,0,"",Y,"",Y,2024-12-15 16:35:24.671,2024-12-15 15:26:27.984,[system] (api),2024-12-15 16:35:24.671,[system] (api),,d160491,"","",N,,COMMENT_OPTIONAL,USER_CHOICE_ON,"",1734248124671
2169,USER,d160512,0,N,0,"",Y,"",Y,2024-12-15 16:35:26.443,2024-12-15 15:26:29.778,[system] (api),2024-12-15 16:35:26.444,[system] (api),,d160512,"","",N,,COMMENT_OPTIONAL,USER_CHOICE_ON,"",1734248126444
2171,USER,d160547,0,N,0,"",Y,"",Y,2024-12-15 16:35:29.895,2024-12-15 15:26:33.32,[system] (api),2024-12-15 16:35:29.895,[system] (api),,d160547,"","",N,,COMMENT_OPTIONAL,USER_CHOICE_ON,"",1734248129895
2172,USER,d160555,0,N,0,"",Y,"",Y,2024-12-15 16:35:31.588,2024-12-15 15:26:35.089,[system] (api),2024-12-15 16:35:31.592,[system] (api),,d160555,"","",N,,COMMENT_OPTIONAL,USER_CHOICE_ON,"",1734248131592
2173,USER,d160563,0,N,0,"",Y,"",Y,2024-12-15 16:35:33.339,2024-12-15 15:26:36.859,[system] (api),2024-12-15 16:35:33.34,[system] (api),,d160563,"","",N,,COMMENT_OPTIONAL,USER_CHOICE_ON,"",1734248133340
2174,USER,d160571,0,N,0,"",Y,"",Y,2024-12-15 16:35:35.021,2024-12-15 15:26:38.641,[system] (api),2024-12-15 16:35:35.023,[system] (api),,d160571,"","",N,,COMMENT_OPTIONAL,USER_CHOICE_ON,"",1734248135023
2175,USER,d160580,0,N,0,"",Y,"",Y,2024-12-15 16:35:36.763,2024-12-15 15:26:40.437,[system] (api),2024-12-15 16:35:36.764,[system] (api),,d160580,"","",N,,COMMENT_OPTIONAL,USER_CHOICE_ON,"",1734248136764
2176,USER,d160601,0,N,0,"",Y,"",Y,2024-12-15 16:35:38.565,2024-12-15 15:26:42.256,[system] (api),2024-12-15 16:35:38.565,[system] (api),,d160601,"","",N,,COMMENT_OPTIONAL,USER_CHOICE_ON,"",1734248138565
2177,USER,d160636,0,N,0,"",Y,"",Y,2024-12-15 16:35:40.291,2024-12-15 15:26:44.054,[system] (api),2024-12-15 16:35:40.292,[system] (api),,d160636,"","",N,,COMMENT_OPTIONAL,USER_CHOICE_ON,"",1734248140292
2178,USER,d160661,0,N,0,"",Y,"",Y,2024-12-15 16:35:42.049,2024-12-15 15:26:45.8,[system] (api),2024-12-15 16:35:42.05,[system] (api),,d160661,"","",N,,COMMENT_OPTIONAL,USER_CHOICE_ON,"",1734248142050
2179,USER,d160679,0,N,0,"",Y,"",Y,2024-12-15 16:35:43.746,2024-12-15 15:26:47.615,[system] (api),2024-12-15 16:35:43.746,[system] (api),,d160679,"","",N,,COMMENT_OPTIONAL,USER_CHOICE_ON,"",1734248143746
2180,USER,d160695,0,N,0,"",Y,"",Y,2024-12-15 16:35:45.489,2024-12-15 15:26:49.366,[system] (api),2024-12-15 16:35:45.49,[system] (api),,d160695,"","",N,,COMMENT_OPTIONAL,USER_CHOICE_ON,"",1734248145490
2181,USER,d160717,0,N,0,"",Y,"",Y,2024-12-15 16:35:47.241,2024-12-15 15:26:51.187,[system] (api),2024-12-15 16:35:47.243,[system] (api),,d160717,"","",N,,COMMENT_OPTIONAL,USER_CHOICE_ON,"",1734248147243
2182,USER,d160725,0,N,0,"",Y,"",Y,2024-12-15 16:35:48.956,2024-12-15 15:26:52.965,[system] (api),2024-12-15 16:35:48.957,[system] (api),,d160725,"","",N,,COMMENT_OPTIONAL,USER_CHOICE_ON,"",1734248148957
2183,USER,d160776,0,N,0,"",Y,"",Y,2024-12-15 16:35:50.643,2024-12-15 15:26:54.799,[system] (api),2024-12-15 16:35:50.643,[system] (api),,d160776,"","",N,,COMMENT_OPTIONAL,USER_CHOICE_ON,"",1734248150643
2184,USER,d160784,0,N,0,"",Y,"",Y,2024-12-15 16:35:52.366,2024-12-15 15:26:56.543,[system] (api),2024-12-15 16:35:52.366,[system] (api),,d160784,"","",N,,COMMENT_OPTIONAL,USER_CHOICE_ON,"",1734248152366
2185,USER,d160792,0,N,0,"",Y,"",Y,2024-12-15 16:35:54.057,2024-12-15 15:26:58.302,[system] (api),2024-12-15 16:35:54.057,[system] (api),,d160792,"","",N,,COMMENT_OPTIONAL,USER_CHOICE_ON,"",1734248154057
2186,USER,d160806,0,N,0,"",Y,"",Y,2024-12-15 16:35:55.82,2024-12-15 15:27:00.061,[system] (api),2024-12-15 16:35:55.82,[system] (api),,d160806,"","",N,,COMMENT_OPTIONAL,USER_CHOICE_ON,"",1734248155820
2188,USER,d160831,0,N,0,"",Y,"",Y,2024-12-15 16:35:59.297,2024-12-15 15:27:03.656,[system] (api),2024-12-15 16:35:59.298,[system] (api),,d160831,"","",N,,COMMENT_OPTIONAL,USER_CHOICE_ON,"",1734248159298
2130,USER,d150134,0,N,0,"",Y,"",Y,2024-12-15 16:34:18.46,2024-12-15 15:25:20.232,[system] (api),2024-12-15 16:34:18.461,[system] (api),,d150134,"","",N,,COMMENT_OPTIONAL,USER_CHOICE_ON,"",1734248058461
2190,USER,d160865,0,N,0,"",Y,"",Y,2024-12-15 16:36:02.807,2024-12-15 15:27:07.155,[system] (api),2024-12-15 16:36:02.807,[system] (api),,d160865,"","",N,,COMMENT_OPTIONAL,USER_CHOICE_ON,"",1734248162807
2148,USER,d160041,0,N,0,"",Y,"",Y,2024-12-15 16:34:49.91,2024-12-15 15:25:52.134,[system] (api),2024-12-15 16:34:49.911,[system] (api),,d160041,"","",N,,COMMENT_OPTIONAL,USER_CHOICE_ON,"",1734248089911
2170,USER,d160521,0,N,0,"",Y,"",Y,2024-12-15 16:35:28.135,2024-12-15 15:26:31.556,[system] (api),2024-12-15 16:35:28.135,[system] (api),,d160521,"","",N,,COMMENT_OPTIONAL,USER_CHOICE_ON,"",1734248128135
2189,USER,d160849,0,N,0,"",Y,"",Y,2024-12-15 16:36:01.012,2024-12-15 15:27:05.4,[system] (api),2024-12-15 16:36:01.013,[system] (api),,d160849,"","",N,,COMMENT_OPTIONAL,USER_CHOICE_ON,"",1734248161013
2191,USER,d170020,0,N,0,"",Y,"",Y,2024-12-15 16:36:04.553,2024-12-15 15:27:08.898,[system] (api),2024-12-15 16:36:04.553,[system] (api),,d170020,"","",N,,COMMENT_OPTIONAL,USER_CHOICE_ON,"",1734248164553
2192,USER,d170038,0,N,0,"",Y,"",Y,2024-12-15 16:36:06.288,2024-12-15 15:27:10.662,[system] (api),2024-12-15 16:36:06.29,[system] (api),,d170038,"","",N,,COMMENT_OPTIONAL,USER_CHOICE_ON,"",1734248166290
2193,USER,d170046,0,N,0,"",Y,"",Y,2024-12-15 16:36:07.976,2024-12-15 15:27:12.495,[system] (api),2024-12-15 16:36:07.976,[system] (api),,d170046,"","",N,,COMMENT_OPTIONAL,USER_CHOICE_ON,"",1734248167976
2194,USER,d170054,0,N,0,"",Y,"",Y,2024-12-15 16:36:09.701,2024-12-15 15:27:14.254,[system] (api),2024-12-15 16:36:09.701,[system] (api),,d170054,"","",N,,COMMENT_OPTIONAL,USER_CHOICE_ON,"",1734248169701
2195,USER,d170101,0,N,0,"",Y,"",Y,2024-12-15 16:36:11.448,2024-12-15 15:27:16.043,[system] (api),2024-12-15 16:36:11.449,[system] (api),,d170101,"","",N,,COMMENT_OPTIONAL,USER_CHOICE_ON,"",1734248171449
2196,USER,d170143,0,N,0,"",Y,"",Y,2024-12-15 16:36:13.179,2024-12-15 15:27:17.786,[system] (api),2024-12-15 16:36:13.18,[system] (api),,d170143,"","",N,,COMMENT_OPTIONAL,USER_CHOICE_ON,"",1734248173180
2197,USER,d170186,0,N,0,"",Y,"",Y,2024-12-15 16:36:14.888,2024-12-15 15:27:19.568,[system] (api),2024-12-15 16:36:14.889,[system] (api),,d170186,"","",N,,COMMENT_OPTIONAL,USER_CHOICE_ON,"",1734248174889
2198,USER,d170216,0,N,0,"",Y,"",Y,2024-12-15 16:36:16.637,2024-12-15 15:27:21.36,[system] (api),2024-12-15 16:36:16.637,[system] (api),,d170216,"","",N,,COMMENT_OPTIONAL,USER_CHOICE_ON,"",1734248176637
2199,USER,d170224,0,N,0,"",Y,"",Y,2024-12-15 16:36:18.408,2024-12-15 15:27:23.088,[system] (api),2024-12-15 16:36:18.409,[system] (api),,d170224,"","",N,,COMMENT_OPTIONAL,USER_CHOICE_ON,"",1734248178409
2022,USER,d000591,0,N,0,"",Y,"",Y,2024-12-15 16:31:11.062,2024-12-15 15:22:07.531,[system] (api),2024-12-15 16:31:11.063,[system] (api),,d000591,"","",N,,COMMENT_OPTIONAL,USER_CHOICE_ON,"",1734247871063
2029,USER,d020044,0,N,0,"",Y,"",Y,2024-12-15 16:31:23.181,2024-12-15 15:22:19.956,[system] (api),2024-12-15 16:31:23.182,[system] (api),,d020044,"","",N,,COMMENT_OPTIONAL,USER_CHOICE_ON,"",1734247883182
2051,USER,d070041,0,N,0,"",Y,"",Y,2024-12-15 16:32:01.304,2024-12-15 15:22:59.529,[system] (api),2024-12-15 16:32:01.305,[system] (api),,d070041,"","",N,,COMMENT_OPTIONAL,USER_CHOICE_ON,"",1734247921305
2068,USER,d110248,0,N,0,"",Y,"",Y,2024-12-15 16:32:30.81,2024-12-15 15:23:29.907,[system] (api),2024-12-15 16:32:30.811,[system] (api),,d110248,"","",N,,COMMENT_OPTIONAL,USER_CHOICE_ON,"",1734247950811
2074,USER,d120162,0,N,0,"",Y,"",Y,2024-12-15 16:32:41.199,2024-12-15 15:23:40.629,[system] (api),2024-12-15 16:32:41.199,[system] (api),,d120162,"","",N,,COMMENT_OPTIONAL,USER_CHOICE_ON,"",1734247961199
2200,USER,d170232,0,N,0,"",Y,"",Y,2024-12-15 16:36:20.106,2024-12-15 15:27:24.876,[system] (api),2024-12-15 16:36:20.106,[system] (api),,d170232,"","",N,,COMMENT_OPTIONAL,USER_CHOICE_ON,"",1734248180106
2201,USER,d170241,0,N,0,"",Y,"",Y,2024-12-15 16:36:21.841,2024-12-15 15:27:26.663,[system] (api),2024-12-15 16:36:21.843,[system] (api),,d170241,"","",N,,COMMENT_OPTIONAL,USER_CHOICE_ON,"",1734248181843
2204,USER,d000132,0,N,0,"",Y,"",N,,2024-12-15 16:39:07.422,[system] (api),2024-12-15 16:39:07.426,[system] (api),,d000132,"","",N,,COMMENT_OPTIONAL,USER_CHOICE_ON,"",1734248347426
2205,USER,d000159,0,N,0,"",Y,"",N,,2024-12-15 16:39:11.129,[system] (api),2024-12-15 16:39:11.142,[system] (api),,d000159,"","",N,,COMMENT_OPTIONAL,USER_CHOICE_ON,"",1734248351142
2206,USER,d000183,0,N,0,"",Y,"",N,,2024-12-15 16:39:14.7,[system] (api),2024-12-15 16:39:14.705,[system] (api),,d000183,"","",N,,COMMENT_OPTIONAL,USER_CHOICE_ON,"",1734248354705
2207,USER,d000191,0,N,0,"",Y,"",N,,2024-12-15 16:39:18.391,[system] (api),2024-12-15 16:39:18.402,[system] (api),,d000191,"","",N,,COMMENT_OPTIONAL,USER_CHOICE_ON,"",1734248358402
2208,USER,d000213,0,N,0,"",Y,"",N,,2024-12-15 16:39:21.979,[system] (api),2024-12-15 16:39:21.985,[system] (api),,d000213,"","",N,,COMMENT_OPTIONAL,USER_CHOICE_ON,"",1734248361985
2209,USER,d000221,0,N,0,"",Y,"",N,,2024-12-15 16:39:25.545,[system] (api),2024-12-15 16:39:25.55,[system] (api),,d000221,"","",N,,COMMENT_OPTIONAL,USER_CHOICE_ON,"",1734248365550
2210,USER,d000248,0,N,0,"",Y,"",N,,2024-12-15 16:39:29.109,[system] (api),2024-12-15 16:39:29.114,[system] (api),,d000248,"","",N,,COMMENT_OPTIONAL,USER_CHOICE_ON,"",1734248369114
2211,USER,d000272,0,N,0,"",Y,"",N,,2024-12-15 16:39:32.713,[system] (api),2024-12-15 16:39:32.719,[system] (api),,d000272,"","",N,,COMMENT_OPTIONAL,USER_CHOICE_ON,"",1734248372719
2212,USER,d000337,0,N,0,"",Y,"",N,,2024-12-15 16:39:36.365,[system] (api),2024-12-15 16:39:36.369,[system] (api),,d000337,"","",N,,COMMENT_OPTIONAL,USER_CHOICE_ON,"",1734248376369
2213,USER,d000345,0,N,0,"",Y,"",N,,2024-12-15 16:39:39.959,[system] (api),2024-12-15 16:39:39.964,[system] (api),,d000345,"","",N,,COMMENT_OPTIONAL,USER_CHOICE_ON,"",1734248379964
2214,USER,d000353,0,N,0,"",Y,"",N,,2024-12-15 16:39:43.621,[system] (api),2024-12-15 16:39:43.627,[system] (api),,d000353,"","",N,,COMMENT_OPTIONAL,USER_CHOICE_ON,"",1734248383627
2215,USER,d000426,0,N,0,"",Y,"",N,,2024-12-15 16:39:47.341,[system] (api),2024-12-15 16:39:47.349,[system] (api),,d000426,"","",N,,COMMENT_OPTIONAL,USER_CHOICE_ON,"",1734248387349
2216,USER,d000434,0,N,0,"",Y,"",N,,2024-12-15 16:39:50.991,[system] (api),2024-12-15 16:39:51.01,[system] (api),,d000434,"","",N,,COMMENT_OPTIONAL,USER_CHOICE_ON,"",1734248391010
2217,USER,d000469,0,N,0,"",Y,"",N,,2024-12-15 16:39:54.584,[system] (api),2024-12-15 16:39:54.588,[system] (api),,d000469,"","",N,,COMMENT_OPTIONAL,USER_CHOICE_ON,"",1734248394588
2218,USER,d000493,0,N,0,"",Y,"",N,,2024-12-15 16:39:58.296,[system] (api),2024-12-15 16:39:58.301,[system] (api),,d000493,"","",N,,COMMENT_OPTIONAL,USER_CHOICE_ON,"",1734248398301
2219,USER,d000507,0,N,0,"",Y,"",N,,2024-12-15 16:40:01.942,[system] (api),2024-12-15 16:40:01.949,[system] (api),,d000507,"","",N,,COMMENT_OPTIONAL,USER_CHOICE_ON,"",1734248401949
2220,USER,d000523,0,N,0,"",Y,"",N,,2024-12-15 16:40:05.683,[system] (api),2024-12-15 16:40:05.691,[system] (api),,d000523,"","",N,,COMMENT_OPTIONAL,USER_CHOICE_ON,"",1734248405691
2221,USER,d000574,0,N,0,"",Y,"",N,,2024-12-15 16:40:09.455,[system] (api),2024-12-15 16:40:09.462,[system] (api),,d000574,"","",N,,COMMENT_OPTIONAL,USER_CHOICE_ON,"",1734248409462
2304,USER,d140341,0,N,0,"",Y,"",N,,2024-12-15 16:45:07.017,[system] (api),2024-12-15 16:45:07.026,[system] (api),,d140341,"","",N,,COMMENT_OPTIONAL,USER_CHOICE_ON,"",1734248707026
2222,USER,d000591,0,N,0,"",Y,"",N,,2024-12-15 16:40:13.014,[system] (api),2024-12-15 16:40:13.021,[system] (api),,d000591,"","",N,,COMMENT_OPTIONAL,USER_CHOICE_ON,"",1734248413021
2223,USER,d010065,0,N,0,"",Y,"",N,,2024-12-15 16:40:16.626,[system] (api),2024-12-15 16:40:16.642,[system] (api),,d010065,"","",N,,COMMENT_OPTIONAL,USER_CHOICE_ON,"",1734248416642
2224,USER,d010073,0,N,0,"",Y,"",N,,2024-12-15 16:40:20.248,[system] (api),2024-12-15 16:40:20.263,[system] (api),,d010073,"","",N,,COMMENT_OPTIONAL,USER_CHOICE_ON,"",1734248420263
2225,USER,d010103,0,N,0,"",Y,"",N,,2024-12-15 16:40:23.838,[system] (api),2024-12-15 16:40:23.853,[system] (api),,d010103,"","",N,,COMMENT_OPTIONAL,USER_CHOICE_ON,"",1734248423853
2226,USER,d010111,0,N,0,"",Y,"",N,,2024-12-15 16:40:27.397,[system] (api),2024-12-15 16:40:27.412,[system] (api),,d010111,"","",N,,COMMENT_OPTIONAL,USER_CHOICE_ON,"",1734248427412
2227,USER,d010138,0,N,0,"",Y,"",N,,2024-12-15 16:40:31.028,[system] (api),2024-12-15 16:40:31.045,[system] (api),,d010138,"","",N,,COMMENT_OPTIONAL,USER_CHOICE_ON,"",1734248431045
2228,USER,d010219,0,N,0,"",Y,"",N,,2024-12-15 16:40:34.685,[system] (api),2024-12-15 16:40:34.703,[system] (api),,d010219,"","",N,,COMMENT_OPTIONAL,USER_CHOICE_ON,"",1734248434703
2229,USER,d020044,0,N,0,"",Y,"",N,,2024-12-15 16:40:38.271,[system] (api),2024-12-15 16:40:38.288,[system] (api),,d020044,"","",N,,COMMENT_OPTIONAL,USER_CHOICE_ON,"",1734248438288
2230,USER,d020095,0,N,0,"",Y,"",N,,2024-12-15 16:40:41.934,[system] (api),2024-12-15 16:40:41.95,[system] (api),,d020095,"","",N,,COMMENT_OPTIONAL,USER_CHOICE_ON,"",1734248441950
2231,USER,d020133,0,N,0,"",Y,"",N,,2024-12-15 16:40:45.468,[system] (api),2024-12-15 16:40:45.473,[system] (api),,d020133,"","",N,,COMMENT_OPTIONAL,USER_CHOICE_ON,"",1734248445473
2232,USER,d020192,0,N,0,"",Y,"",N,,2024-12-15 16:40:49.135,[system] (api),2024-12-15 16:40:49.14,[system] (api),,d020192,"","",N,,COMMENT_OPTIONAL,USER_CHOICE_ON,"",1734248449140
2233,USER,d020257,0,N,0,"",Y,"",N,,2024-12-15 16:40:52.782,[system] (api),2024-12-15 16:40:52.787,[system] (api),,d020257,"","",N,,COMMENT_OPTIONAL,USER_CHOICE_ON,"",1734248452787
2234,USER,d020265,0,N,0,"",Y,"",N,,2024-12-15 16:40:56.402,[system] (api),2024-12-15 16:40:56.405,[system] (api),,d020265,"","",N,,COMMENT_OPTIONAL,USER_CHOICE_ON,"",1734248456405
2235,USER,d020273,0,N,0,"",Y,"",N,,2024-12-15 16:40:59.919,[system] (api),2024-12-15 16:40:59.924,[system] (api),,d020273,"","",N,,COMMENT_OPTIONAL,USER_CHOICE_ON,"",1734248459924
2236,USER,d020311,0,N,0,"",Y,"",N,,2024-12-15 16:41:03.504,[system] (api),2024-12-15 16:41:03.518,[system] (api),,d020311,"","",N,,COMMENT_OPTIONAL,USER_CHOICE_ON,"",1734248463518
2237,USER,d030112,0,N,0,"",Y,"",N,,2024-12-15 16:41:07.113,[system] (api),2024-12-15 16:41:07.123,[system] (api),,d030112,"","",N,,COMMENT_OPTIONAL,USER_CHOICE_ON,"",1734248467123
2238,USER,d030121,0,N,0,"",Y,"",N,,2024-12-15 16:41:10.7,[system] (api),2024-12-15 16:41:10.709,[system] (api),,d030121,"","",N,,COMMENT_OPTIONAL,USER_CHOICE_ON,"",1734248470709
2239,USER,d050113,0,N,0,"",Y,"",N,,2024-12-15 16:41:14.249,[system] (api),2024-12-15 16:41:14.258,[system] (api),,d050113,"","",N,,COMMENT_OPTIONAL,USER_CHOICE_ON,"",1734248474258
2240,USER,d050130,0,N,0,"",Y,"",N,,2024-12-15 16:41:17.864,[system] (api),2024-12-15 16:41:17.868,[system] (api),,d050130,"","",N,,COMMENT_OPTIONAL,USER_CHOICE_ON,"",1734248477868
2241,USER,d050164,0,N,0,"",Y,"",N,,2024-12-15 16:41:21.458,[system] (api),2024-12-15 16:41:21.463,[system] (api),,d050164,"","",N,,COMMENT_OPTIONAL,USER_CHOICE_ON,"",1734248481463
2242,USER,d060038,0,N,0,"",Y,"",N,,2024-12-15 16:41:25.063,[system] (api),2024-12-15 16:41:25.071,[system] (api),,d060038,"","",N,,COMMENT_OPTIONAL,USER_CHOICE_ON,"",1734248485071
2243,USER,d060054,0,N,0,"",Y,"",N,,2024-12-15 16:41:28.795,[system] (api),2024-12-15 16:41:28.802,[system] (api),,d060054,"","",N,,COMMENT_OPTIONAL,USER_CHOICE_ON,"",1734248488802
2244,USER,d060151,0,N,0,"",Y,"",N,,2024-12-15 16:41:32.369,[system] (api),2024-12-15 16:41:32.376,[system] (api),,d060151,"","",N,,COMMENT_OPTIONAL,USER_CHOICE_ON,"",1734248492376
2245,USER,d060178,0,N,0,"",Y,"",N,,2024-12-15 16:41:35.936,[system] (api),2024-12-15 16:41:35.942,[system] (api),,d060178,"","",N,,COMMENT_OPTIONAL,USER_CHOICE_ON,"",1734248495942
2246,USER,d060208,0,N,0,"",Y,"",N,,2024-12-15 16:41:39.498,[system] (api),2024-12-15 16:41:39.503,[system] (api),,d060208,"","",N,,COMMENT_OPTIONAL,USER_CHOICE_ON,"",1734248499503
2247,USER,d060224,0,N,0,"",Y,"",N,,2024-12-15 16:41:43.058,[system] (api),2024-12-15 16:41:43.064,[system] (api),,d060224,"","",N,,COMMENT_OPTIONAL,USER_CHOICE_ON,"",1734248503064
2248,USER,d060232,0,N,0,"",Y,"",N,,2024-12-15 16:41:46.689,[system] (api),2024-12-15 16:41:46.694,[system] (api),,d060232,"","",N,,COMMENT_OPTIONAL,USER_CHOICE_ON,"",1734248506694
2249,USER,d060259,0,N,0,"",Y,"",N,,2024-12-15 16:41:50.33,[system] (api),2024-12-15 16:41:50.334,[system] (api),,d060259,"","",N,,COMMENT_OPTIONAL,USER_CHOICE_ON,"",1734248510334
2250,USER,d070033,0,N,0,"",Y,"",N,,2024-12-15 16:41:53.956,[system] (api),2024-12-15 16:41:53.961,[system] (api),,d070033,"","",N,,COMMENT_OPTIONAL,USER_CHOICE_ON,"",1734248513961
2251,USER,d070041,0,N,0,"",Y,"",N,,2024-12-15 16:41:57.589,[system] (api),2024-12-15 16:41:57.593,[system] (api),,d070041,"","",N,,COMMENT_OPTIONAL,USER_CHOICE_ON,"",1734248517593
2252,USER,d070050,0,N,0,"",Y,"",N,,2024-12-15 16:42:01.15,[system] (api),2024-12-15 16:42:01.155,[system] (api),,d070050,"","",N,,COMMENT_OPTIONAL,USER_CHOICE_ON,"",1734248521155
2253,USER,d070181,0,N,0,"",Y,"",N,,2024-12-15 16:42:04.795,[system] (api),2024-12-15 16:42:04.802,[system] (api),,d070181,"","",N,,COMMENT_OPTIONAL,USER_CHOICE_ON,"",1734248524802
2254,USER,d070246,0,N,0,"",Y,"",N,,2024-12-15 16:42:08.342,[system] (api),2024-12-15 16:42:08.349,[system] (api),,d070246,"","",N,,COMMENT_OPTIONAL,USER_CHOICE_ON,"",1734248528349
2255,USER,d070262,0,N,0,"",Y,"",N,,2024-12-15 16:42:11.92,[system] (api),2024-12-15 16:42:11.926,[system] (api),,d070262,"","",N,,COMMENT_OPTIONAL,USER_CHOICE_ON,"",1734248531926
2256,USER,d070271,0,N,0,"",Y,"",N,,2024-12-15 16:42:15.494,[system] (api),2024-12-15 16:42:15.501,[system] (api),,d070271,"","",N,,COMMENT_OPTIONAL,USER_CHOICE_ON,"",1734248535501
2257,USER,d070301,0,N,0,"",Y,"",N,,2024-12-15 16:42:19.085,[system] (api),2024-12-15 16:42:19.091,[system] (api),,d070301,"","",N,,COMMENT_OPTIONAL,USER_CHOICE_ON,"",1734248539091
2258,USER,d070343,0,N,0,"",Y,"",N,,2024-12-15 16:42:22.639,[system] (api),2024-12-15 16:42:22.644,[system] (api),,d070343,"","",N,,COMMENT_OPTIONAL,USER_CHOICE_ON,"",1734248542644
2259,USER,d070351,0,N,0,"",Y,"",N,,2024-12-15 16:42:26.158,[system] (api),2024-12-15 16:42:26.162,[system] (api),,d070351,"","",N,,COMMENT_OPTIONAL,USER_CHOICE_ON,"",1734248546162
2260,USER,d070394,0,N,0,"",Y,"",N,,2024-12-15 16:42:29.741,[system] (api),2024-12-15 16:42:29.746,[system] (api),,d070394,"","",N,,COMMENT_OPTIONAL,USER_CHOICE_ON,"",1734248549746
2261,USER,d080080,0,N,0,"",Y,"",N,,2024-12-15 16:42:33.305,[system] (api),2024-12-15 16:42:33.309,[system] (api),,d080080,"","",N,,COMMENT_OPTIONAL,USER_CHOICE_ON,"",1734248553309
2305,USER,d140350,0,N,0,"",Y,"",N,,2024-12-15 16:45:10.561,[system] (api),2024-12-15 16:45:10.565,[system] (api),,d140350,"","",N,,COMMENT_OPTIONAL,USER_CHOICE_ON,"",1734248710565
2264,USER,d080268,0,N,0,"",Y,"",N,,2024-12-15 16:42:44.017,[system] (api),2024-12-15 16:42:44.02,[system] (api),,d080268,"","",N,,COMMENT_OPTIONAL,USER_CHOICE_ON,"",1734248564020
2267,USER,d100099,0,N,0,"",Y,"",N,,2024-12-15 16:42:54.758,[system] (api),2024-12-15 16:42:54.764,[system] (api),,d100099,"","",N,,COMMENT_OPTIONAL,USER_CHOICE_ON,"",1734248574764
2310,USER,d140406,0,N,0,"",Y,"",N,,2024-12-15 16:45:28.371,[system] (api),2024-12-15 16:45:28.375,[system] (api),,d140406,"","",N,,COMMENT_OPTIONAL,USER_CHOICE_ON,"",1734248728375
2271,USER,d120049,0,N,0,"",Y,"",N,,2024-12-15 16:43:09.026,[system] (api),2024-12-15 16:43:09.035,[system] (api),,d120049,"","",N,,COMMENT_OPTIONAL,USER_CHOICE_ON,"",1734248589035
2274,USER,d120162,0,N,0,"",Y,"",N,,2024-12-15 16:43:19.744,[system] (api),2024-12-15 16:43:19.748,[system] (api),,d120162,"","",N,,COMMENT_OPTIONAL,USER_CHOICE_ON,"",1734248599748
2314,USER,d140457,0,N,0,"",Y,"",N,,2024-12-15 16:45:42.738,[system] (api),2024-12-15 16:45:42.742,[system] (api),,d140457,"","",N,,COMMENT_OPTIONAL,USER_CHOICE_ON,"",1734248742742
2279,USER,d130028,0,N,0,"",Y,"",N,,2024-12-15 16:43:37.566,[system] (api),2024-12-15 16:43:37.57,[system] (api),,d130028,"","",N,,COMMENT_OPTIONAL,USER_CHOICE_ON,"",1734248617570
2320,USER,d140520,0,N,0,"",Y,"",N,,2024-12-15 16:46:05.766,[system] (api),2024-12-15 16:46:05.772,[system] (api),,d140520,"","",N,,COMMENT_OPTIONAL,USER_CHOICE_ON,"",1734248765772
2326,USER,d140597,0,N,0,"",Y,"",N,,2024-12-15 16:46:27.37,[system] (api),2024-12-15 16:46:27.373,[system] (api),,d140597,"","",N,,COMMENT_OPTIONAL,USER_CHOICE_ON,"",1734248787373
2332,USER,d150177,0,N,0,"",Y,"",N,,2024-12-15 16:46:48.781,[system] (api),2024-12-15 16:46:48.784,[system] (api),,d150177,"","",N,,COMMENT_OPTIONAL,USER_CHOICE_ON,"",1734248808784
2335,USER,d150215,0,N,0,"",Y,"",N,,2024-12-15 16:46:59.429,[system] (api),2024-12-15 16:46:59.433,[system] (api),,d150215,"","",N,,COMMENT_OPTIONAL,USER_CHOICE_ON,"",1734248819433
2336,USER,d150223,0,N,0,"",Y,"",N,,2024-12-15 16:47:03.036,[system] (api),2024-12-15 16:47:03.043,[system] (api),,d150223,"","",N,,COMMENT_OPTIONAL,USER_CHOICE_ON,"",1734248823043
2339,USER,d150282,0,N,0,"",Y,"",N,,2024-12-15 16:47:13.666,[system] (api),2024-12-15 16:47:13.67,[system] (api),,d150282,"","",N,,COMMENT_OPTIONAL,USER_CHOICE_ON,"",1734248833670
2341,USER,d150321,0,N,0,"",Y,"",N,,2024-12-15 16:47:20.854,[system] (api),2024-12-15 16:47:20.857,[system] (api),,d150321,"","",N,,COMMENT_OPTIONAL,USER_CHOICE_ON,"",1734248840857
2343,USER,d150363,0,N,0,"",Y,"",N,,2024-12-15 16:47:28.077,[system] (api),2024-12-15 16:47:28.081,[system] (api),,d150363,"","",N,,COMMENT_OPTIONAL,USER_CHOICE_ON,"",1734248848081
2349,USER,d160059,0,N,0,"",Y,"",N,,2024-12-15 16:47:49.424,[system] (api),2024-12-15 16:47:49.429,[system] (api),,d160059,"","",N,,COMMENT_OPTIONAL,USER_CHOICE_ON,"",1734248869429
2350,USER,d160067,0,N,0,"",Y,"",N,,2024-12-15 16:47:52.93,[system] (api),2024-12-15 16:47:52.935,[system] (api),,d160067,"","",N,,COMMENT_OPTIONAL,USER_CHOICE_ON,"",1734248872935
2354,USER,d160148,0,N,0,"",Y,"",N,,2024-12-15 16:48:07.17,[system] (api),2024-12-15 16:48:07.18,[system] (api),,d160148,"","",N,,COMMENT_OPTIONAL,USER_CHOICE_ON,"",1734248887180
2357,USER,d160229,0,N,0,"",Y,"",N,,2024-12-15 16:48:17.823,[system] (api),2024-12-15 16:48:17.828,[system] (api),,d160229,"","",N,,COMMENT_OPTIONAL,USER_CHOICE_ON,"",1734248897828
2364,USER,d160415,0,N,0,"",Y,"",N,,2024-12-15 16:48:42.88,[system] (api),2024-12-15 16:48:42.883,[system] (api),,d160415,"","",N,,COMMENT_OPTIONAL,USER_CHOICE_ON,"",1734248922883
2367,USER,d160458,0,N,0,"",Y,"",N,,2024-12-15 16:48:53.566,[system] (api),2024-12-15 16:48:53.57,[system] (api),,d160458,"","",N,,COMMENT_OPTIONAL,USER_CHOICE_ON,"",1734248933570
2373,USER,d160563,0,N,0,"",Y,"",N,,2024-12-15 16:49:14.896,[system] (api),2024-12-15 16:49:14.902,[system] (api),,d160563,"","",N,,COMMENT_OPTIONAL,USER_CHOICE_ON,"",1734248954902
2376,USER,d160601,0,N,0,"",Y,"",N,,2024-12-15 16:49:25.584,[system] (api),2024-12-15 16:49:25.589,[system] (api),,d160601,"","",N,,COMMENT_OPTIONAL,USER_CHOICE_ON,"",1734248965589
2379,USER,d160679,0,N,0,"",Y,"",N,,2024-12-15 16:49:36.38,[system] (api),2024-12-15 16:49:36.385,[system] (api),,d160679,"","",N,,COMMENT_OPTIONAL,USER_CHOICE_ON,"",1734248976385
2383,USER,d160776,0,N,0,"",Y,"",N,,2024-12-15 16:49:50.606,[system] (api),2024-12-15 16:49:50.62,[system] (api),,d160776,"","",N,,COMMENT_OPTIONAL,USER_CHOICE_ON,"",1734248990620
2385,USER,d160792,0,N,0,"",Y,"",N,,2024-12-15 16:49:57.749,[system] (api),2024-12-15 16:49:57.752,[system] (api),,d160792,"","",N,,COMMENT_OPTIONAL,USER_CHOICE_ON,"",1734248997752
2386,USER,d160806,0,N,0,"",Y,"",N,,2024-12-15 16:50:01.301,[system] (api),2024-12-15 16:50:01.306,[system] (api),,d160806,"","",N,,COMMENT_OPTIONAL,USER_CHOICE_ON,"",1734249001306
2391,USER,d170020,0,N,0,"",Y,"",N,,2024-12-15 16:50:19.167,[system] (api),2024-12-15 16:50:19.182,[system] (api),,d170020,"","",N,,COMMENT_OPTIONAL,USER_CHOICE_ON,"",1734249019182
2394,USER,d170054,0,N,0,"",Y,"",N,,2024-12-15 16:50:29.925,[system] (api),2024-12-15 16:50:29.93,[system] (api),,d170054,"","",N,,COMMENT_OPTIONAL,USER_CHOICE_ON,"",1734249029930
2398,USER,d170216,0,N,0,"",Y,"",N,,2024-12-15 16:50:44.374,[system] (api),2024-12-15 16:50:44.394,[system] (api),,d170216,"","",N,,COMMENT_OPTIONAL,USER_CHOICE_ON,"",1734249044394
2400,USER,d170232,0,N,0,"",Y,"",N,,2024-12-15 16:50:51.44,[system] (api),2024-12-15 16:50:51.445,[system] (api),,d170232,"","",N,,COMMENT_OPTIONAL,USER_CHOICE_ON,"",1734249051445
2406,USER,spacesoft,0,N,0,"",Y,"",N,,2025-01-08 00:55:00.561,[system],2025-01-08 00:55:00.809,[system],,spacesoft,"","",N,,COMMENT_OPTIONAL,USER_CHOICE_ON,"",1736265300809
2407,USER,wdagutilityaccount,0,N,0,"",Y,"",N,,2025-01-08 00:55:00.564,[system],2025-01-08 00:55:00.816,[system],,wdagutilityaccount,"","",N,,COMMENT_OPTIONAL,USER_CHOICE_ON,"",1736265300816
2202,USER,d000019,500,N,0,"",Y,"",N,,2024-12-15 16:39:00.134,[system] (api),2025-01-19 16:40:16.374,admin,,d000019,"","",N,,COMMENT_OPTIONAL,USER_CHOICE_ON,"",1737272416374
2262,USER,d080110,0,N,0,"",Y,"",N,,2024-12-15 16:42:36.888,[system] (api),2024-12-15 16:42:36.892,[system] (api),,d080110,"","",N,,COMMENT_OPTIONAL,USER_CHOICE_ON,"",1734248556892
2306,USER,d140368,0,N,0,"",Y,"",N,,2024-12-15 16:45:14.175,[system] (api),2024-12-15 16:45:14.191,[system] (api),,d140368,"","",N,,COMMENT_OPTIONAL,USER_CHOICE_ON,"",1734248714191
2265,USER,d090069,0,N,0,"",Y,"",N,,2024-12-15 16:42:47.579,[system] (api),2024-12-15 16:42:47.583,[system] (api),,d090069,"","",N,,COMMENT_OPTIONAL,USER_CHOICE_ON,"",1734248567583
2269,USER,d120014,0,N,0,"",Y,"",N,,2024-12-15 16:43:01.902,[system] (api),2024-12-15 16:43:01.91,[system] (api),,d120014,"","",N,,COMMENT_OPTIONAL,USER_CHOICE_ON,"",1734248581910
2308,USER,d140384,0,N,0,"",Y,"",N,,2024-12-15 16:45:21.297,[system] (api),2024-12-15 16:45:21.301,[system] (api),,d140384,"","",N,,COMMENT_OPTIONAL,USER_CHOICE_ON,"",1734248721301
2272,USER,d120057,0,N,0,"",Y,"",N,,2024-12-15 16:43:12.594,[system] (api),2024-12-15 16:43:12.597,[system] (api),,d120057,"","",N,,COMMENT_OPTIONAL,USER_CHOICE_ON,"",1734248592597
2275,USER,d120227,0,N,0,"",Y,"",N,,2024-12-15 16:43:23.328,[system] (api),2024-12-15 16:43:23.331,[system] (api),,d120227,"","",N,,COMMENT_OPTIONAL,USER_CHOICE_ON,"",1734248603331
2317,USER,d140490,0,N,0,"",Y,"",N,,2024-12-15 16:45:53.405,[system] (api),2024-12-15 16:45:53.409,[system] (api),,d140490,"","",N,,COMMENT_OPTIONAL,USER_CHOICE_ON,"",1734248753409
2278,USER,d120332,0,N,0,"",Y,"",N,,2024-12-15 16:43:34.007,[system] (api),2024-12-15 16:43:34.009,[system] (api),,d120332,"","",N,,COMMENT_OPTIONAL,USER_CHOICE_ON,"",1734248614009
2281,USER,d130052,0,N,0,"",Y,"",N,,2024-12-15 16:43:44.69,[system] (api),2024-12-15 16:43:44.694,[system] (api),,d130052,"","",N,,COMMENT_OPTIONAL,USER_CHOICE_ON,"",1734248624694
2321,USER,d140546,0,N,0,"",Y,"",N,,2024-12-15 16:46:09.391,[system] (api),2024-12-15 16:46:09.396,[system] (api),,d140546,"","",N,,COMMENT_OPTIONAL,USER_CHOICE_ON,"",1734248769396
2284,USER,d130087,0,N,0,"",Y,"",N,,2024-12-15 16:43:55.412,[system] (api),2024-12-15 16:43:55.416,[system] (api),,d130087,"","",N,,COMMENT_OPTIONAL,USER_CHOICE_ON,"",1734248635416
2325,USER,d140589,0,N,0,"",Y,"",N,,2024-12-15 16:46:23.852,[system] (api),2024-12-15 16:46:23.857,[system] (api),,d140589,"","",N,,COMMENT_OPTIONAL,USER_CHOICE_ON,"",1734248783857
2327,USER,d150045,0,N,0,"",Y,"",N,,2024-12-15 16:46:30.965,[system] (api),2024-12-15 16:46:30.969,[system] (api),,d150045,"","",N,,COMMENT_OPTIONAL,USER_CHOICE_ON,"",1734248790969
2329,USER,d150096,0,N,0,"",Y,"",N,,2024-12-15 16:46:38.128,[system] (api),2024-12-15 16:46:38.131,[system] (api),,d150096,"","",N,,COMMENT_OPTIONAL,USER_CHOICE_ON,"",1734248798131
2333,USER,d150185,0,N,0,"",Y,"",N,,2024-12-15 16:46:52.353,[system] (api),2024-12-15 16:46:52.357,[system] (api),,d150185,"","",N,,COMMENT_OPTIONAL,USER_CHOICE_ON,"",1734248812357
2337,USER,d150240,0,N,0,"",Y,"",N,,2024-12-15 16:47:06.575,[system] (api),2024-12-15 16:47:06.582,[system] (api),,d150240,"","",N,,COMMENT_OPTIONAL,USER_CHOICE_ON,"",1734248826582
2342,USER,d150355,0,N,0,"",Y,"",N,,2024-12-15 16:47:24.499,[system] (api),2024-12-15 16:47:24.503,[system] (api),,d150355,"","",N,,COMMENT_OPTIONAL,USER_CHOICE_ON,"",1734248844503
2346,USER,d160024,0,N,0,"",Y,"",N,,2024-12-15 16:47:38.758,[system] (api),2024-12-15 16:47:38.761,[system] (api),,d160024,"","",N,,COMMENT_OPTIONAL,USER_CHOICE_ON,"",1734248858761
2347,USER,d160032,0,N,0,"",Y,"",N,,2024-12-15 16:47:42.305,[system] (api),2024-12-15 16:47:42.309,[system] (api),,d160032,"","",N,,COMMENT_OPTIONAL,USER_CHOICE_ON,"",1734248862309
2353,USER,d160105,0,N,0,"",Y,"",N,,2024-12-15 16:48:03.594,[system] (api),2024-12-15 16:48:03.608,[system] (api),,d160105,"","",N,,COMMENT_OPTIONAL,USER_CHOICE_ON,"",1734248883608
2359,USER,d160318,0,N,0,"",Y,"",N,,2024-12-15 16:48:25.034,[system] (api),2024-12-15 16:48:25.038,[system] (api),,d160318,"","",N,,COMMENT_OPTIONAL,USER_CHOICE_ON,"",1734248905038
2361,USER,d160377,0,N,0,"",Y,"",N,,2024-12-15 16:48:32.248,[system] (api),2024-12-15 16:48:32.251,[system] (api),,d160377,"","",N,,COMMENT_OPTIONAL,USER_CHOICE_ON,"",1734248912251
2363,USER,d160393,0,N,0,"",Y,"",N,,2024-12-15 16:48:39.316,[system] (api),2024-12-15 16:48:39.32,[system] (api),,d160393,"","",N,,COMMENT_OPTIONAL,USER_CHOICE_ON,"",1734248919320
2370,USER,d160521,0,N,0,"",Y,"",N,,2024-12-15 16:49:04.229,[system] (api),2024-12-15 16:49:04.234,[system] (api),,d160521,"","",N,,COMMENT_OPTIONAL,USER_CHOICE_ON,"",1734248944234
2374,USER,d160571,0,N,0,"",Y,"",N,,2024-12-15 16:49:18.466,[system] (api),2024-12-15 16:49:18.471,[system] (api),,d160571,"","",N,,COMMENT_OPTIONAL,USER_CHOICE_ON,"",1734248958471
2377,USER,d160636,0,N,0,"",Y,"",N,,2024-12-15 16:49:29.166,[system] (api),2024-12-15 16:49:29.17,[system] (api),,d160636,"","",N,,COMMENT_OPTIONAL,USER_CHOICE_ON,"",1734248969170
2381,USER,d160717,0,N,0,"",Y,"",N,,2024-12-15 16:49:43.496,[system] (api),2024-12-15 16:49:43.499,[system] (api),,d160717,"","",N,,COMMENT_OPTIONAL,USER_CHOICE_ON,"",1734248983499
2384,USER,d160784,0,N,0,"",Y,"",N,,2024-12-15 16:49:54.201,[system] (api),2024-12-15 16:49:54.204,[system] (api),,d160784,"","",N,,COMMENT_OPTIONAL,USER_CHOICE_ON,"",1734248994204
2387,USER,d160814,0,N,0,"",Y,"",N,,2024-12-15 16:50:04.902,[system] (api),2024-12-15 16:50:04.911,[system] (api),,d160814,"","",N,,COMMENT_OPTIONAL,USER_CHOICE_ON,"",1734249004911
2390,USER,d160865,0,N,0,"",Y,"",N,,2024-12-15 16:50:15.627,[system] (api),2024-12-15 16:50:15.632,[system] (api),,d160865,"","",N,,COMMENT_OPTIONAL,USER_CHOICE_ON,"",1734249015632
2392,USER,d170038,0,N,0,"",Y,"",N,,2024-12-15 16:50:22.773,[system] (api),2024-12-15 16:50:22.788,[system] (api),,d170038,"","",N,,COMMENT_OPTIONAL,USER_CHOICE_ON,"",1734249022788
2393,USER,d170046,0,N,0,"",Y,"",N,,2024-12-15 16:50:26.332,[system] (api),2024-12-15 16:50:26.336,[system] (api),,d170046,"","",N,,COMMENT_OPTIONAL,USER_CHOICE_ON,"",1734249026336
2402,USER,d190896,0,N,0,"",Y,"",N,,2024-12-26 22:28:16.444,[system] (api),2024-12-26 22:28:16.506,[system] (api),,d190896,"","",N,,COMMENT_OPTIONAL,USER_CHOICE_ON,"",1735219696506
1004,USER,170321,1000,N,0,"",Y,"",N,,2024-12-08 17:14:22.826,[setup wizard],2025-01-21 15:44:28.286,admin,,170321,"","",N,,COMMENT_OPTIONAL,USER_CHOICE_ON,"",1737441868286
2263,USER,d080179,0,N,0,"",Y,"",N,,2024-12-15 16:42:40.444,[system] (api),2024-12-15 16:42:40.448,[system] (api),,d080179,"","",N,,COMMENT_OPTIONAL,USER_CHOICE_ON,"",1734248560448
2307,USER,d140376,0,N,0,"",Y,"",N,,2024-12-15 16:45:17.729,[system] (api),2024-12-15 16:45:17.749,[system] (api),,d140376,"","",N,,COMMENT_OPTIONAL,USER_CHOICE_ON,"",1734248717749
2270,USER,d120022,0,N,0,"",Y,"",N,,2024-12-15 16:43:05.457,[system] (api),2024-12-15 16:43:05.465,[system] (api),,d120022,"","",N,,COMMENT_OPTIONAL,USER_CHOICE_ON,"",1734248585465
2273,USER,d120138,0,N,0,"",Y,"",N,,2024-12-15 16:43:16.148,[system] (api),2024-12-15 16:43:16.152,[system] (api),,d120138,"","",N,,COMMENT_OPTIONAL,USER_CHOICE_ON,"",1734248596152
2311,USER,d140414,0,N,0,"",Y,"",N,,2024-12-15 16:45:32.061,[system] (api),2024-12-15 16:45:32.064,[system] (api),,d140414,"","",N,,COMMENT_OPTIONAL,USER_CHOICE_ON,"",1734248732064
2277,USER,d120316,0,N,0,"",Y,"",N,,2024-12-15 16:43:30.466,[system] (api),2024-12-15 16:43:30.47,[system] (api),,d120316,"","",N,,COMMENT_OPTIONAL,USER_CHOICE_ON,"",1734248610470
2280,USER,d130044,0,N,0,"",Y,"",N,,2024-12-15 16:43:41.095,[system] (api),2024-12-15 16:43:41.098,[system] (api),,d130044,"","",N,,COMMENT_OPTIONAL,USER_CHOICE_ON,"",1734248621098
2313,USER,d140449,0,N,0,"",Y,"",N,,2024-12-15 16:45:39.167,[system] (api),2024-12-15 16:45:39.173,[system] (api),,d140449,"","",N,,COMMENT_OPTIONAL,USER_CHOICE_ON,"",1734248739173
2283,USER,d130079,0,N,0,"",Y,"",N,,2024-12-15 16:43:51.84,[system] (api),2024-12-15 16:43:51.844,[system] (api),,d130079,"","",N,,COMMENT_OPTIONAL,USER_CHOICE_ON,"",1734248631844
2285,USER,d130095,0,N,0,"",Y,"",N,,2024-12-15 16:43:59.06,[system] (api),2024-12-15 16:43:59.064,[system] (api),,d130095,"","",N,,COMMENT_OPTIONAL,USER_CHOICE_ON,"",1734248639064
2316,USER,d140481,0,N,0,"",Y,"",N,,2024-12-15 16:45:49.865,[system] (api),2024-12-15 16:45:49.869,[system] (api),,d140481,"","",N,,COMMENT_OPTIONAL,USER_CHOICE_ON,"",1734248749869
2319,USER,d140511,0,N,0,"",Y,"",N,,2024-12-15 16:46:02.179,[system] (api),2024-12-15 16:46:02.189,[system] (api),,d140511,"","",N,,COMMENT_OPTIONAL,USER_CHOICE_ON,"",1734248762189
2322,USER,d140554,0,N,0,"",Y,"",N,,2024-12-15 16:46:13.026,[system] (api),2024-12-15 16:46:13.031,[system] (api),,d140554,"","",N,,COMMENT_OPTIONAL,USER_CHOICE_ON,"",1734248773031
2324,USER,d140571,0,N,0,"",Y,"",N,,2024-12-15 16:46:20.272,[system] (api),2024-12-15 16:46:20.275,[system] (api),,d140571,"","",N,,COMMENT_OPTIONAL,USER_CHOICE_ON,"",1734248780275
2328,USER,d150088,0,N,0,"",Y,"",N,,2024-12-15 16:46:34.55,[system] (api),2024-12-15 16:46:34.553,[system] (api),,d150088,"","",N,,COMMENT_OPTIONAL,USER_CHOICE_ON,"",1734248794553
2331,USER,d150142,0,N,0,"",Y,"",N,,2024-12-15 16:46:45.232,[system] (api),2024-12-15 16:46:45.235,[system] (api),,d150142,"","",N,,COMMENT_OPTIONAL,USER_CHOICE_ON,"",1734248805235
2334,USER,d150193,0,N,0,"",Y,"",N,,2024-12-15 16:46:55.901,[system] (api),2024-12-15 16:46:55.905,[system] (api),,d150193,"","",N,,COMMENT_OPTIONAL,USER_CHOICE_ON,"",1734248815905
2338,USER,d150266,0,N,0,"",Y,"",N,,2024-12-15 16:47:10.101,[system] (api),2024-12-15 16:47:10.109,[system] (api),,d150266,"","",N,,COMMENT_OPTIONAL,USER_CHOICE_ON,"",1734248830109
2340,USER,d150312,0,N,0,"",Y,"",N,,2024-12-15 16:47:17.273,[system] (api),2024-12-15 16:47:17.277,[system] (api),,d150312,"","",N,,COMMENT_OPTIONAL,USER_CHOICE_ON,"",1734248837277
2344,USER,d150371,0,N,0,"",Y,"",N,,2024-12-15 16:47:31.621,[system] (api),2024-12-15 16:47:31.623,[system] (api),,d150371,"","",N,,COMMENT_OPTIONAL,USER_CHOICE_ON,"",1734248851623
2348,USER,d160041,0,N,0,"",Y,"",N,,2024-12-15 16:47:45.852,[system] (api),2024-12-15 16:47:45.855,[system] (api),,d160041,"","",N,,COMMENT_OPTIONAL,USER_CHOICE_ON,"",1734248865855
2352,USER,d160091,0,N,0,"",Y,"",N,,2024-12-15 16:48:00.039,[system] (api),2024-12-15 16:48:00.042,[system] (api),,d160091,"","",N,,COMMENT_OPTIONAL,USER_CHOICE_ON,"",1734248880042
2356,USER,d160211,0,N,0,"",Y,"",N,,2024-12-15 16:48:14.275,[system] (api),2024-12-15 16:48:14.283,[system] (api),,d160211,"","",N,,COMMENT_OPTIONAL,USER_CHOICE_ON,"",1734248894283
2358,USER,d160237,0,N,0,"",Y,"",N,,2024-12-15 16:48:21.42,[system] (api),2024-12-15 16:48:21.472,[system] (api),,d160237,"","",N,,COMMENT_OPTIONAL,USER_CHOICE_ON,"",1734248901472
2360,USER,d160334,0,N,0,"",Y,"",N,,2024-12-15 16:48:28.615,[system] (api),2024-12-15 16:48:28.619,[system] (api),,d160334,"","",N,,COMMENT_OPTIONAL,USER_CHOICE_ON,"",1734248908619
2365,USER,d160423,0,N,0,"",Y,"",N,,2024-12-15 16:48:46.396,[system] (api),2024-12-15 16:48:46.4,[system] (api),,d160423,"","",N,,COMMENT_OPTIONAL,USER_CHOICE_ON,"",1734248926400
2368,USER,d160491,0,N,0,"",Y,"",N,,2024-12-15 16:48:57.125,[system] (api),2024-12-15 16:48:57.128,[system] (api),,d160491,"","",N,,COMMENT_OPTIONAL,USER_CHOICE_ON,"",1734248937128
2371,USER,d160547,0,N,0,"",Y,"",N,,2024-12-15 16:49:07.803,[system] (api),2024-12-15 16:49:07.809,[system] (api),,d160547,"","",N,,COMMENT_OPTIONAL,USER_CHOICE_ON,"",1734248947809
2372,USER,d160555,0,N,0,"",Y,"",N,,2024-12-15 16:49:11.349,[system] (api),2024-12-15 16:49:11.353,[system] (api),,d160555,"","",N,,COMMENT_OPTIONAL,USER_CHOICE_ON,"",1734248951353
2380,USER,d160695,0,N,0,"",Y,"",N,,2024-12-15 16:49:39.93,[system] (api),2024-12-15 16:49:39.935,[system] (api),,d160695,"","",N,,COMMENT_OPTIONAL,USER_CHOICE_ON,"",1734248979935
2388,USER,d160831,0,N,0,"",Y,"",N,,2024-12-15 16:50:08.444,[system] (api),2024-12-15 16:50:08.453,[system] (api),,d160831,"","",N,,COMMENT_OPTIONAL,USER_CHOICE_ON,"",1734249008453
2395,USER,d170101,0,N,0,"",Y,"",N,,2024-12-15 16:50:33.559,[system] (api),2024-12-15 16:50:33.569,[system] (api),,d170101,"","",N,,COMMENT_OPTIONAL,USER_CHOICE_ON,"",1734249033569
2397,USER,d170186,0,N,0,"",Y,"",N,,2024-12-15 16:50:40.756,[system] (api),2024-12-15 16:50:40.761,[system] (api),,d170186,"","",N,,COMMENT_OPTIONAL,USER_CHOICE_ON,"",1734249040761
2399,USER,d170224,0,N,0,"",Y,"",N,,2024-12-15 16:50:47.92,[system] (api),2024-12-15 16:50:47.925,[system] (api),,d170224,"","",N,,COMMENT_OPTIONAL,USER_CHOICE_ON,"",1734249047925
2401,USER,d170241,0,N,0,"",Y,"",N,,2024-12-15 16:50:55.036,[system] (api),2024-12-15 16:50:55.041,[system] (api),,d170241,"","",N,,COMMENT_OPTIONAL,USER_CHOICE_ON,"",1734249055041
2405,USER,guest,0,N,0,"",Y,"",N,,2025-01-08 00:55:00.557,[system],2025-01-08 00:55:00.801,[system],,guest,"","",N,,COMMENT_OPTIONAL,USER_CHOICE_ON,"",1736265300801
2266,USER,d100013,0,N,0,"",Y,"",N,,2024-12-15 16:42:51.225,[system] (api),2024-12-15 16:42:51.23,[system] (api),,d100013,"","",N,,COMMENT_OPTIONAL,USER_CHOICE_ON,"",1734248571230
2309,USER,d140392,0,N,0,"",Y,"",N,,2024-12-15 16:45:24.845,[system] (api),2024-12-15 16:45:24.85,[system] (api),,d140392,"","",N,,COMMENT_OPTIONAL,USER_CHOICE_ON,"",1734248724850
2268,USER,d110248,0,N,0,"",Y,"",N,,2024-12-15 16:42:58.289,[system] (api),2024-12-15 16:42:58.293,[system] (api),,d110248,"","",N,,COMMENT_OPTIONAL,USER_CHOICE_ON,"",1734248578293
2276,USER,d120308,0,N,0,"",Y,"",N,,2024-12-15 16:43:26.905,[system] (api),2024-12-15 16:43:26.914,[system] (api),,d120308,"","",N,,COMMENT_OPTIONAL,USER_CHOICE_ON,"",1734248606914
2312,USER,d140422,0,N,0,"",Y,"",N,,2024-12-15 16:45:35.617,[system] (api),2024-12-15 16:45:35.622,[system] (api),,d140422,"","",N,,COMMENT_OPTIONAL,USER_CHOICE_ON,"",1734248735622
2282,USER,d130061,0,N,0,"",Y,"",N,,2024-12-15 16:43:48.276,[system] (api),2024-12-15 16:43:48.279,[system] (api),,d130061,"","",N,,COMMENT_OPTIONAL,USER_CHOICE_ON,"",1734248628279
2286,USER,d130109,0,N,0,"",Y,"",N,,2024-12-15 16:44:02.643,[system] (api),2024-12-15 16:44:02.657,[system] (api),,d130109,"","",N,,COMMENT_OPTIONAL,USER_CHOICE_ON,"",1734248642657
2315,USER,d140465,0,N,0,"",Y,"",N,,2024-12-15 16:45:46.287,[system] (api),2024-12-15 16:45:46.292,[system] (api),,d140465,"","",N,,COMMENT_OPTIONAL,USER_CHOICE_ON,"",1734248746292
2287,USER,d140023,0,N,0,"",Y,"",N,,2024-12-15 16:44:06.287,[system] (api),2024-12-15 16:44:06.295,[system] (api),,d140023,"","",N,,COMMENT_OPTIONAL,USER_CHOICE_ON,"",1734248646295
2288,USER,d140040,0,N,0,"",Y,"",N,,2024-12-15 16:44:09.88,[system] (api),2024-12-15 16:44:09.888,[system] (api),,d140040,"","",N,,COMMENT_OPTIONAL,USER_CHOICE_ON,"",1734248649888
2318,USER,d140503,0,N,0,"",Y,"",N,,2024-12-15 16:45:58.637,[system] (api),2024-12-15 16:45:58.64,[system] (api),,d140503,"","",N,,COMMENT_OPTIONAL,USER_CHOICE_ON,"",1734248758640
2289,USER,d140058,0,N,0,"",Y,"",N,,2024-12-15 16:44:13.439,[system] (api),2024-12-15 16:44:13.442,[system] (api),,d140058,"","",N,,COMMENT_OPTIONAL,USER_CHOICE_ON,"",1734248653442
2290,USER,d140112,0,N,0,"",Y,"",N,,2024-12-15 16:44:17.007,[system] (api),2024-12-15 16:44:17.012,[system] (api),,d140112,"","",N,,COMMENT_OPTIONAL,USER_CHOICE_ON,"",1734248657012
2323,USER,d140562,0,N,0,"",Y,"",N,,2024-12-15 16:46:16.57,[system] (api),2024-12-15 16:46:16.619,[system] (api),,d140562,"","",N,,COMMENT_OPTIONAL,USER_CHOICE_ON,"",1734248776619
2291,USER,d140121,0,N,0,"",Y,"",N,,2024-12-15 16:44:20.551,[system] (api),2024-12-15 16:44:20.56,[system] (api),,d140121,"","",N,,COMMENT_OPTIONAL,USER_CHOICE_ON,"",1734248660560
2292,USER,d140139,0,N,0,"",Y,"",N,,2024-12-15 16:44:24.119,[system] (api),2024-12-15 16:44:24.123,[system] (api),,d140139,"","",N,,COMMENT_OPTIONAL,USER_CHOICE_ON,"",1734248664123
2330,USER,d150134,0,N,0,"",Y,"",N,,2024-12-15 16:46:41.682,[system] (api),2024-12-15 16:46:41.686,[system] (api),,d150134,"","",N,,COMMENT_OPTIONAL,USER_CHOICE_ON,"",1734248801686
2293,USER,d140163,0,N,0,"",Y,"",N,,2024-12-15 16:44:27.672,[system] (api),2024-12-15 16:44:27.676,[system] (api),,d140163,"","",N,,COMMENT_OPTIONAL,USER_CHOICE_ON,"",1734248667676
2294,USER,d140171,0,N,0,"",Y,"",N,,2024-12-15 16:44:31.239,[system] (api),2024-12-15 16:44:31.243,[system] (api),,d140171,"","",N,,COMMENT_OPTIONAL,USER_CHOICE_ON,"",1734248671243
2345,USER,d160016,0,N,0,"",Y,"",N,,2024-12-15 16:47:35.235,[system] (api),2024-12-15 16:47:35.242,[system] (api),,d160016,"","",N,,COMMENT_OPTIONAL,USER_CHOICE_ON,"",1734248855242
2295,USER,d140198,0,N,0,"",Y,"",N,,2024-12-15 16:44:34.862,[system] (api),2024-12-15 16:44:34.866,[system] (api),,d140198,"","",N,,COMMENT_OPTIONAL,USER_CHOICE_ON,"",1734248674866
2296,USER,d140201,0,N,0,"",Y,"",N,,2024-12-15 16:44:38.38,[system] (api),2024-12-15 16:44:38.385,[system] (api),,d140201,"","",N,,COMMENT_OPTIONAL,USER_CHOICE_ON,"",1734248678385
2351,USER,d160083,0,N,0,"",Y,"",N,,2024-12-15 16:47:56.494,[system] (api),2024-12-15 16:47:56.496,[system] (api),,d160083,"","",N,,COMMENT_OPTIONAL,USER_CHOICE_ON,"",1734248876496
2297,USER,d140228,0,N,0,"",Y,"",N,,2024-12-15 16:44:41.942,[system] (api),2024-12-15 16:44:41.946,[system] (api),,d140228,"","",N,,COMMENT_OPTIONAL,USER_CHOICE_ON,"",1734248681946
2298,USER,d140236,0,N,0,"",Y,"",N,,2024-12-15 16:44:45.496,[system] (api),2024-12-15 16:44:45.501,[system] (api),,d140236,"","",N,,COMMENT_OPTIONAL,USER_CHOICE_ON,"",1734248685501
2355,USER,d160164,0,N,0,"",Y,"",N,,2024-12-15 16:48:10.72,[system] (api),2024-12-15 16:48:10.728,[system] (api),,d160164,"","",N,,COMMENT_OPTIONAL,USER_CHOICE_ON,"",1734248890728
2299,USER,d140279,0,N,0,"",Y,"",N,,2024-12-15 16:44:49.051,[system] (api),2024-12-15 16:44:49.056,[system] (api),,d140279,"","",N,,COMMENT_OPTIONAL,USER_CHOICE_ON,"",1734248689056
2300,USER,d140295,0,N,0,"",Y,"",N,,2024-12-15 16:44:52.656,[system] (api),2024-12-15 16:44:52.671,[system] (api),,d140295,"","",N,,COMMENT_OPTIONAL,USER_CHOICE_ON,"",1734248692671
2362,USER,d160385,0,N,0,"",Y,"",N,,2024-12-15 16:48:35.784,[system] (api),2024-12-15 16:48:35.787,[system] (api),,d160385,"","",N,,COMMENT_OPTIONAL,USER_CHOICE_ON,"",1734248915787
2301,USER,d140309,0,N,0,"",Y,"",N,,2024-12-15 16:44:56.223,[system] (api),2024-12-15 16:44:56.227,[system] (api),,d140309,"","",N,,COMMENT_OPTIONAL,USER_CHOICE_ON,"",1734248696227
2302,USER,d140325,0,N,0,"",Y,"",N,,2024-12-15 16:44:59.799,[system] (api),2024-12-15 16:44:59.804,[system] (api),,d140325,"","",N,,COMMENT_OPTIONAL,USER_CHOICE_ON,"",1734248699804
2366,USER,d160431,0,N,0,"",Y,"",N,,2024-12-15 16:48:50.008,[system] (api),2024-12-15 16:48:50.011,[system] (api),,d160431,"","",N,,COMMENT_OPTIONAL,USER_CHOICE_ON,"",1734248930011
2369,USER,d160512,0,N,0,"",Y,"",N,,2024-12-15 16:49:00.694,[system] (api),2024-12-15 16:49:00.697,[system] (api),,d160512,"","",N,,COMMENT_OPTIONAL,USER_CHOICE_ON,"",1734248940697
2375,USER,d160580,0,N,0,"",Y,"",N,,2024-12-15 16:49:22.018,[system] (api),2024-12-15 16:49:22.023,[system] (api),,d160580,"","",N,,COMMENT_OPTIONAL,USER_CHOICE_ON,"",1734248962023
2378,USER,d160661,0,N,0,"",Y,"",N,,2024-12-15 16:49:32.724,[system] (api),2024-12-15 16:49:32.727,[system] (api),,d160661,"","",N,,COMMENT_OPTIONAL,USER_CHOICE_ON,"",1734248972727
2382,USER,d160725,0,N,0,"",Y,"",N,,2024-12-15 16:49:47.045,[system] (api),2024-12-15 16:49:47.048,[system] (api),,d160725,"","",N,,COMMENT_OPTIONAL,USER_CHOICE_ON,"",1734248987048
2389,USER,d160849,0,N,0,"",Y,"",N,,2024-12-15 16:50:12.015,[system] (api),2024-12-15 16:50:12.024,[system] (api),,d160849,"","",N,,COMMENT_OPTIONAL,USER_CHOICE_ON,"",1734249012024
2396,USER,d170143,0,N,0,"",Y,"",N,,2024-12-15 16:50:37.161,[system] (api),2024-12-15 16:50:37.176,[system] (api),,d170143,"","",N,,COMMENT_OPTIONAL,USER_CHOICE_ON,"",1734249037176
2403,USER,administrator,0,N,0,"",Y,"",N,,2025-01-08 00:55:00.443,[system],2025-01-08 00:55:00.756,[system],,administrator,"","",N,,COMMENT_OPTIONAL,USER_CHOICE_ON,"",1736265300756
2404,USER,defaultaccount,0,N,0,"",Y,"",N,,2025-01-08 00:55:00.551,[system],2025-01-08 00:55:00.77,[system],,defaultaccount,"","",N,,COMMENT_OPTIONAL,USER_CHOICE_ON,"",1736265300770
